EnrollmentID,StudentID,CourseID,FinalScore,Pass_Fail,Gender,Age,PriorAttempts,ParentEduLevel,TotalLoginDays,MeanVideoTime,AvgDaysLate,ForumPostsCount,ForumVotesReceived,MidtermScore,CourseCategory,SchoolID
1,83,C301,85,Pass,Male,21,5,4,80,30,-2.4,30,191,73,Arts,S1
2,290,C401,92,Pass,Male,26,0,2,12,177,0.5,40,62,81,Arts,S2
3,261,C401,1,Withdrawn,Male,43,3,4,59,262,4.6,27,129,84,Business,S2
4,154,C401,10,Withdrawn,Female,28,5,2,21,175,1.6,47,24,44,Arts,S1
5,360,C301,27,Withdrawn,Male,27,5,4,67,156,-0.3,0,161,80,Business,S1
6,69,C101,11,Withdrawn,Male,41,2,2,75,56,4.9,1,127,81,Business,S1
7,225,C101,87,Pass,Male,27,1,4,39,113,0.8,2,180,90,Arts,S2
8,53,C101,36,Withdrawn,Female,45,5,4,52,113,3.7,20,121,61,STEM,S1
9,265,C401,9,Withdrawn,Male,20,5,5,33,123,-3.2,24,84,42,STEM,S1
10,288,C101,59,Fail,Female,34,5,2,52,274,-4.4,28,50,63,STEM,S2
11,439,C201,78,Pass,Female,26,2,2,19,245,-3.7,17,179,77,Business,S3
12,390,C101,32,Withdrawn,Female,23,5,2,68,260,-4.3,8,112,50,STEM,S3
13,126,C101,76,Pass,Male,36,0,5,78,126,-3.5,41,167,93,Business,S2
14,93,C201,30,Withdrawn,Male,22,5,2,47,164,1.2,31,128,71,Business,S3
15,444,C201,30,Withdrawn,Male,43,5,4,37,109,3.9,15,4,95,Business,S2
16,198,C201,69,Pass,Male,22,3,2,14,203,-2.7,29,183,40,Arts,S2
17,356,C101,73,Pass,Male,42,0,2,48,161,-4.9,6,200,66,Arts,S3
18,237,C301,91,Pass,Male,37,5,5,75,268,0.4,46,39,82,Business,S1
19,232,C101,1,Withdrawn,Male,34,1,1,36,97,-4.0,41,182,75,Business,S3
20,14,C101,91,Pass,Male,21,2,3,25,291,1.9,47,66,51,STEM,S2
21,306,C101,70,Pass,Female,44,5,3,89,35,4.3,8,90,47,Arts,S2
22,199,C201,44,Fail,Female,24,1,4,55,52,4.3,33,0,90,STEM,S2
23,219,C301,76,Pass,Female,18,0,1,31,237,-4.9,43,77,59,Arts,S2
24,43,C201,36,Withdrawn,Female,40,5,3,27,249,-1.1,27,191,64,Arts,S2
25,46,C401,13,Withdrawn,Female,25,5,5,33,185,-3.4,39,77,87,Business,S3
26,76,C401,7,Withdrawn,Female,24,5,2,55,232,-4.4,48,103,74,Business,S1
27,406,C301,93,Pass,Male,19,0,3,37,253,3.4,4,11,75,Arts,S3
28,357,C301,95,Pass,Female,27,2,1,57,55,0.6,7,70,74,Business,S3
29,84,C101,36,Withdrawn,Male,26,4,2,74,99,-0.0,33,58,55,Arts,S1
30,145,C101,13,Withdrawn,Female,43,5,3,80,44,-4.3,6,154,56,Business,S3
31,397,C401,48,Fail,Male,41,3,5,25,53,4.8,43,26,89,STEM,S1
32,286,C201,14,Withdrawn,Male,25,3,1,29,264,-1.4,14,56,65,Business,S2
33,404,C101,82,Pass,Male,32,1,2,46,129,-3.3,22,44,87,STEM,S2
34,407,C401,24,Withdrawn,Female,37,1,3,77,187,1.8,24,127,82,Arts,S1
35,30,C301,0,Withdrawn,Male,21,1,1,33,231,2.0,34,39,62,Arts,S3
36,125,C101,85,Pass,Male,44,4,5,19,122,1.4,28,186,60,STEM,S2
37,44,C401,93,Pass,Female,19,3,1,24,184,-4.3,23,128,95,Arts,S1
38,98,C101,15,Withdrawn,Female,43,4,1,33,282,2.4,49,70,92,Business,S1
39,334,C101,10,Withdrawn,Male,33,3,3,62,165,4.5,27,159,81,Business,S3
40,106,C201,11,Withdrawn,Female,18,2,4,61,286,2.7,14,181,42,STEM,S1
41,337,C201,9,Withdrawn,Male,39,0,4,71,69,-4.7,24,175,80,Arts,S3
42,41,C301,49,Fail,Male,38,2,3,71,63,2.0,10,52,81,Arts,S1
43,268,C401,41,Fail,Male,34,2,4,62,139,-0.5,50,50,87,Business,S3
44,326,C401,10,Withdrawn,Female,20,5,3,31,128,4.4,0,178,44,STEM,S2
45,333,C301,23,Withdrawn,Female,37,1,3,34,96,1.7,42,191,57,STEM,S2
46,236,C401,6,Withdrawn,Female,22,0,4,44,241,-1.4,23,17,80,Arts,S1
47,147,C201,77,Pass,Female,24,2,2,39,90,-3.8,48,61,40,STEM,S1
48,62,C301,91,Pass,Female,24,3,2,44,91,-4.0,6,197,74,Business,S1
49,343,C101,9,Withdrawn,Female,38,0,1,61,291,-4.7,3,68,48,Business,S2
50,344,C301,77,Pass,Male,28,3,3,68,97,-4.2,11,167,94,Arts,S1
51,496,C201,25,Withdrawn,Male,32,0,5,18,272,3.8,26,18,44,Arts,S3
52,453,C401,65,Pass,Female,19,1,4,84,276,-0.4,19,186,62,Arts,S2
53,67,C201,10,Withdrawn,Female,38,2,2,17,154,3.6,40,128,86,Arts,S1
54,452,C301,93,Pass,Female,22,1,5,36,268,-4.5,36,183,89,Business,S2
55,422,C201,33,Withdrawn,Male,45,1,3,75,286,-2.0,44,143,87,Business,S3
56,444,C401,2,Withdrawn,Male,26,0,4,88,218,-0.8,34,150,77,Arts,S2
57,153,C301,61,Pass,Male,43,3,3,37,117,-3.0,49,35,40,STEM,S3
58,301,C101,65,Pass,Female,26,2,4,30,250,-0.4,42,25,89,Business,S3
59,46,C201,7,Withdrawn,Female,35,3,1,25,44,-2.6,18,40,55,STEM,S1
60,278,C401,21,Withdrawn,Female,33,3,5,85,166,0.8,10,64,45,Business,S3
61,159,C401,65,Pass,Male,35,1,4,61,183,-4.7,38,156,72,STEM,S1
62,154,C401,68,Pass,Male,38,4,5,85,41,4.9,25,35,68,Business,S3
63,355,C401,22,Withdrawn,Female,25,3,4,13,293,-4.1,15,152,58,Arts,S2
64,206,C401,15,Withdrawn,Male,23,0,5,53,255,2.2,21,187,84,STEM,S3
65,394,C201,53,Fail,Male,18,0,1,54,299,0.7,47,146,42,Business,S1
66,467,C101,8,Withdrawn,Female,26,2,3,13,189,2.5,14,160,53,Arts,S2
67,201,C401,87,Pass,Female,25,0,5,27,205,-3.1,1,9,84,STEM,S3
68,165,C401,19,Withdrawn,Male,39,3,4,68,54,-3.8,39,139,56,STEM,S1
69,198,C101,76,Pass,Male,40,1,2,43,142,2.3,7,191,85,Business,S1
70,59,C301,71,Pass,Male,23,1,4,35,198,-2.1,25,197,87,Business,S3
71,408,C101,0,Withdrawn,Male,31,2,5,65,49,-4.3,11,195,47,Business,S3
72,303,C101,71,Pass,Male,41,4,2,33,68,4.4,7,73,60,STEM,S2
73,107,C201,79,Pass,Female,33,4,2,79,103,-0.7,28,0,91,Business,S2
74,291,C101,46,Fail,Female,23,0,1,83,152,4.3,35,70,86,STEM,S3
75,7,C401,78,Pass,Male,33,4,5,24,231,3.1,29,3,61,Business,S2
76,355,C101,83,Pass,Female,45,4,3,49,160,-1.7,40,76,55,Arts,S2
77,303,C201,63,Pass,Female,40,0,3,21,265,-1.5,22,167,52,STEM,S2
78,492,C301,61,Pass,Female,42,1,3,25,45,2.2,33,57,86,Arts,S1
79,409,C301,99,Pass,Male,22,4,3,37,149,4.8,33,49,54,STEM,S1
80,47,C401,91,Pass,Male,26,0,2,23,133,0.7,12,28,93,Business,S1
81,500,C101,39,Withdrawn,Male,22,2,2,23,69,0.1,35,107,65,STEM,S3
82,139,C201,38,Withdrawn,Male,35,4,4,34,165,-2.5,7,42,51,Business,S3
83,479,C401,75,Pass,Female,36,5,2,82,252,0.1,18,123,61,Business,S2
84,427,C101,9,Withdrawn,Male,44,0,3,28,217,1.3,20,52,88,Arts,S2
85,347,C301,76,Pass,Female,25,5,4,86,244,2.1,36,13,84,STEM,S3
86,419,C201,86,Pass,Female,42,1,4,33,215,-1.8,35,89,70,STEM,S1
87,63,C101,3,Withdrawn,Female,30,4,1,17,128,2.9,14,150,59,Business,S3
88,26,C101,55,Fail,Male,36,5,1,73,233,2.4,25,20,78,Arts,S3
89,457,C201,98,Pass,Female,44,0,4,65,147,0.2,12,195,90,STEM,S3
90,230,C101,82,Pass,Male,37,3,5,84,208,-4.3,49,94,95,Arts,S1
91,316,C201,75,Pass,Female,24,2,5,27,176,-4.9,21,176,87,Arts,S1
92,428,C101,38,Withdrawn,Male,42,2,2,36,196,0.4,29,160,79,STEM,S3
93,390,C401,61,Pass,Male,33,2,5,57,157,1.0,49,102,64,STEM,S3
94,487,C201,36,Withdrawn,Female,42,1,2,57,262,4.6,4,114,93,STEM,S1
95,200,C401,68,Pass,Male,28,0,2,77,229,3.3,46,74,67,STEM,S3
96,287,C101,3,Withdrawn,Female,21,0,5,70,241,-2.9,4,187,48,STEM,S3
97,232,C401,66,Pass,Male,19,0,5,71,149,-4.1,10,146,84,Business,S2
98,140,C201,25,Withdrawn,Female,42,2,1,74,249,0.5,34,13,72,Arts,S3
99,242,C101,58,Fail,Female,24,5,4,64,255,-1.5,24,164,91,Business,S3
100,324,C101,15,Withdrawn,Male,27,4,5,72,177,-0.9,34,72,87,Arts,S1
101,194,C101,75,Pass,Female,25,4,2,35,88,-2.4,6,139,45,Arts,S3
102,455,C201,63,Pass,Male,20,3,3,51,69,-1.8,7,172,82,Business,S1
103,206,C301,46,Fail,Male,42,2,3,23,283,0.4,9,60,85,Arts,S1
104,51,C301,28,Withdrawn,Female,34,1,4,84,134,3.4,7,15,63,Business,S1
105,56,C201,79,Pass,Male,45,1,5,70,238,3.9,37,83,67,Business,S2
106,356,C101,73,Pass,Male,41,3,4,42,205,1.0,13,56,90,Arts,S3
107,295,C301,87,Pass,Female,41,2,4,90,44,-4.8,6,199,82,Business,S1
108,192,C101,34,Withdrawn,Female,35,3,4,90,107,-0.1,36,74,56,Business,S2
109,53,C201,76,Pass,Female,34,2,5,83,297,-4.9,16,34,59,Business,S2
110,488,C101,68,Pass,Female,31,3,3,27,201,-4.1,24,87,92,STEM,S1
111,408,C101,29,Withdrawn,Male,30,4,4,37,193,-4.9,37,184,72,Business,S3
112,84,C101,70,Pass,Male,35,1,4,62,126,0.6,15,172,41,Business,S2
113,90,C401,21,Withdrawn,Male,44,4,4,49,46,2.0,42,100,64,Arts,S1
114,116,C201,46,Fail,Male,44,3,2,77,275,4.9,36,121,95,STEM,S3
115,458,C201,46,Fail,Male,31,0,3,87,140,1.9,33,63,53,STEM,S3
116,285,C401,23,Withdrawn,Female,40,1,2,39,155,-1.3,28,196,89,Business,S1
117,408,C301,70,Pass,Male,43,2,3,41,298,-0.2,44,195,91,Business,S3
118,102,C401,86,Pass,Male,35,0,5,58,164,1.6,16,57,60,Arts,S1
119,152,C401,87,Pass,Male,44,0,2,62,105,-3.2,32,41,81,STEM,S2
120,193,C401,30,Withdrawn,Male,24,3,2,54,186,-3.8,36,108,57,Business,S2
121,85,C101,71,Pass,Female,37,2,2,83,283,-5.0,32,44,71,Arts,S2
122,81,C401,97,Pass,Female,26,4,4,16,285,1.6,11,36,53,Arts,S3
123,391,C301,87,Pass,Male,37,5,3,56,224,-1.0,22,51,45,Business,S1
124,253,C301,91,Pass,Male,43,4,1,71,182,2.6,37,30,72,Business,S3
125,58,C301,44,Fail,Female,19,4,3,12,287,-0.8,1,53,42,Arts,S3
126,54,C301,12,Withdrawn,Male,38,0,4,56,116,-4.1,15,88,45,Business,S2
127,237,C201,75,Pass,Female,37,1,2,70,228,-2.0,31,171,92,Arts,S1
128,357,C101,24,Withdrawn,Male,18,2,3,44,171,-0.8,20,47,85,STEM,S3
129,352,C201,35,Withdrawn,Male,20,0,5,40,41,-2.9,17,127,90,Business,S1
130,252,C201,95,Pass,Male,30,5,4,86,77,4.5,19,131,80,STEM,S3
131,452,C101,1,Withdrawn,Male,28,5,2,63,99,-3.2,40,177,66,Arts,S3
132,488,C401,70,Pass,Male,22,3,2,44,224,3.7,9,109,90,Business,S3
133,238,C401,17,Withdrawn,Female,34,0,1,20,300,-0.5,30,52,90,Arts,S2
134,99,C301,82,Pass,Female,19,2,3,72,248,-1.0,43,99,49,Business,S2
135,334,C101,98,Pass,Male,25,0,1,17,46,2.7,5,164,52,Business,S1
136,294,C101,19,Withdrawn,Male,24,1,2,67,68,-1.1,7,125,88,Arts,S3
137,305,C401,37,Withdrawn,Female,42,4,3,90,170,-0.3,33,36,92,STEM,S3
138,487,C301,67,Pass,Male,36,1,3,20,200,1.8,11,145,59,Arts,S2
139,497,C101,11,Withdrawn,Male,39,1,2,53,259,3.9,12,198,84,STEM,S3
140,271,C401,22,Withdrawn,Female,32,0,2,81,100,-0.0,10,164,81,Business,S3
141,349,C201,83,Pass,Female,24,2,5,51,244,-1.6,39,54,94,Arts,S1
142,278,C101,4,Withdrawn,Male,32,2,1,19,94,-3.3,31,174,55,Business,S2
143,342,C101,86,Pass,Male,26,0,1,86,108,3.6,50,84,92,Arts,S1
144,473,C201,39,Withdrawn,Male,30,5,2,48,87,-2.3,26,115,56,Arts,S2
145,45,C301,1,Withdrawn,Male,23,2,1,24,150,-4.1,17,83,83,Arts,S1
146,120,C101,55,Fail,Female,25,0,4,42,217,-0.5,38,12,79,Business,S1
147,355,C301,80,Pass,Female,26,4,4,23,208,3.6,9,162,66,STEM,S3
148,233,C201,98,Pass,Male,33,2,3,32,111,-4.2,45,89,51,Business,S3
149,163,C201,23,Withdrawn,Female,34,5,4,12,123,-0.4,34,1,53,STEM,S3
150,217,C301,53,Fail,Male,19,4,3,40,160,-3.9,37,165,45,Business,S1
151,164,C401,49,Fail,Female,45,3,3,16,186,-4.6,15,161,93,Arts,S2
152,236,C201,21,Withdrawn,Female,23,4,1,40,259,3.9,17,187,64,STEM,S3
153,342,C301,51,Fail,Female,31,0,3,69,296,-2.1,48,188,51,STEM,S2
154,410,C201,79,Pass,Male,25,1,3,73,77,2.3,46,179,88,Arts,S2
155,89,C301,48,Fail,Male,33,3,5,64,208,-0.4,33,118,73,Business,S2
156,211,C301,30,Withdrawn,Female,43,0,4,17,135,-2.2,49,132,63,Business,S1
157,101,C101,29,Withdrawn,Female,39,1,2,65,171,-0.2,41,160,80,STEM,S1
158,217,C401,71,Pass,Female,26,3,2,61,80,2.1,16,104,89,Arts,S3
159,322,C301,75,Pass,Male,28,4,2,32,207,-2.6,32,98,64,Arts,S3
160,81,C401,7,Withdrawn,Female,35,2,5,37,270,3.0,33,62,46,STEM,S3
161,426,C401,60,Pass,Male,32,0,4,87,36,0.6,23,62,64,STEM,S2
162,41,C301,55,Fail,Male,18,2,3,57,147,3.3,48,132,84,STEM,S1
163,203,C301,94,Pass,Male,42,1,2,26,135,0.3,15,50,41,Arts,S1
164,47,C401,39,Withdrawn,Female,43,4,3,25,282,-4.3,31,164,57,STEM,S1
165,474,C201,83,Pass,Male,24,2,3,17,255,-3.2,36,180,52,STEM,S2
166,324,C301,96,Pass,Male,44,0,4,51,44,-2.9,34,171,72,Business,S2
167,218,C101,29,Withdrawn,Female,38,4,1,33,191,-3.7,20,5,91,Business,S2
168,194,C301,63,Pass,Female,32,0,5,18,297,1.9,4,3,44,STEM,S3
169,175,C401,65,Pass,Male,40,0,1,20,131,3.1,5,139,94,Arts,S1
170,274,C101,75,Pass,Male,44,2,2,85,262,3.2,37,116,58,STEM,S1
171,171,C301,16,Withdrawn,Female,37,4,4,82,79,-4.5,14,67,75,Arts,S2
172,120,C101,76,Pass,Male,39,3,2,84,274,-3.2,20,128,45,Business,S2
173,221,C401,31,Withdrawn,Male,33,4,1,52,250,4.1,4,37,57,Business,S3
174,321,C101,87,Pass,Male,24,4,5,55,76,-1.5,46,38,53,STEM,S3
175,171,C401,81,Pass,Male,19,2,5,44,258,-4.0,47,154,71,Business,S3
176,397,C201,87,Pass,Female,24,2,2,78,103,3.2,8,109,89,STEM,S1
177,455,C101,84,Pass,Male,20,4,5,33,87,-0.5,47,12,53,Arts,S1
178,183,C201,2,Withdrawn,Male,18,2,3,29,233,-3.9,31,124,85,STEM,S1
179,248,C101,70,Pass,Male,22,4,1,81,159,-0.2,44,41,87,Business,S2
180,61,C301,34,Withdrawn,Female,44,5,2,13,56,0.0,24,32,84,Business,S3
181,415,C401,47,Fail,Female,44,2,2,50,285,2.4,19,28,89,Business,S2
182,17,C201,43,Fail,Female,23,0,3,53,51,2.0,38,187,40,Arts,S3
183,357,C301,92,Pass,Female,22,3,5,72,111,-1.0,2,71,84,Arts,S3
184,75,C401,12,Withdrawn,Female,23,0,2,26,119,5.0,18,122,82,STEM,S2
185,78,C301,69,Pass,Female,20,3,2,72,150,1.4,41,71,59,Business,S2
186,360,C101,53,Fail,Female,26,0,3,20,113,-0.1,31,179,76,Arts,S2
187,117,C401,39,Withdrawn,Male,45,0,4,42,287,4.4,22,69,74,STEM,S2
188,246,C301,51,Fail,Male,33,2,3,78,142,-1.8,32,14,89,Arts,S1
189,5,C101,19,Withdrawn,Male,27,0,4,35,263,-4.3,30,104,75,STEM,S2
190,150,C101,21,Withdrawn,Male,29,1,5,38,50,-3.9,16,163,43,STEM,S3
191,66,C301,84,Pass,Male,41,0,4,47,185,2.0,20,139,93,Arts,S2
192,466,C401,46,Fail,Female,29,2,2,47,99,-1.8,44,169,66,STEM,S2
193,145,C101,53,Fail,Male,43,3,2,79,49,-0.8,42,28,91,Business,S2
194,51,C301,43,Fail,Male,39,1,4,13,124,-4.6,42,162,78,STEM,S3
195,268,C101,4,Withdrawn,Male,31,5,4,29,65,2.5,4,121,42,STEM,S3
196,430,C301,7,Withdrawn,Female,33,0,5,43,271,4.6,19,34,71,Business,S3
197,370,C201,75,Pass,Female,20,3,3,44,122,-4.1,30,27,46,STEM,S2
198,407,C401,14,Withdrawn,Female,26,5,5,60,151,-4.9,45,24,66,STEM,S1
199,403,C301,81,Pass,Male,19,5,1,81,36,0.6,1,80,59,STEM,S3
200,215,C401,15,Withdrawn,Female,28,5,5,86,130,0.8,7,193,45,STEM,S1
201,346,C401,8,Withdrawn,Female,23,3,3,83,300,-4.2,4,17,42,Arts,S1
202,317,C201,56,Fail,Male,31,1,1,56,103,1.7,24,149,60,Business,S2
203,16,C101,57,Fail,Female,45,4,4,60,153,-1.8,8,185,71,Business,S1
204,10,C201,33,Withdrawn,Female,42,0,5,65,107,1.4,30,16,52,Business,S2
205,192,C301,47,Fail,Female,44,4,1,82,103,-0.8,9,170,88,STEM,S2
206,306,C101,7,Withdrawn,Female,45,2,5,28,285,-0.6,4,108,50,STEM,S1
207,152,C201,25,Withdrawn,Male,25,4,2,81,272,-3.5,42,113,74,Arts,S2
208,203,C401,53,Fail,Male,23,4,2,49,251,1.1,17,105,54,Business,S1
209,427,C201,12,Withdrawn,Female,29,1,5,66,249,4.5,26,121,52,STEM,S3
210,323,C301,22,Withdrawn,Male,26,2,5,17,240,-3.0,41,182,78,STEM,S2
211,393,C401,27,Withdrawn,Male,39,0,2,64,271,3.1,18,105,89,STEM,S3
212,429,C301,79,Pass,Male,36,4,4,70,212,-3.6,5,152,79,Arts,S3
213,479,C201,48,Fail,Female,38,1,2,46,147,1.6,25,149,85,Arts,S2
214,222,C401,15,Withdrawn,Female,34,3,3,14,81,-4.2,22,54,80,STEM,S2
215,351,C101,80,Pass,Female,21,2,2,16,140,0.5,25,27,91,STEM,S2
216,17,C401,28,Withdrawn,Male,22,1,3,36,212,4.9,50,164,44,STEM,S3
217,183,C201,23,Withdrawn,Female,18,1,5,78,136,4.2,21,162,95,Arts,S3
218,397,C401,26,Withdrawn,Female,31,2,5,36,298,5.0,13,180,73,Arts,S2
219,389,C401,43,Fail,Female,36,3,2,46,224,-1.4,19,197,50,Business,S3
220,439,C101,36,Withdrawn,Female,36,0,5,79,227,-4.9,16,109,50,Arts,S3
221,119,C201,8,Withdrawn,Female,42,3,1,31,111,-2.3,11,180,52,Arts,S3
222,89,C401,63,Pass,Female,35,4,3,84,234,4.4,32,188,76,STEM,S3
223,227,C201,2,Withdrawn,Male,45,1,5,62,220,3.1,27,152,45,Business,S1
224,8,C301,94,Pass,Male,34,3,2,58,113,3.2,18,167,48,Arts,S2
225,463,C101,44,Fail,Male,38,4,5,46,47,-4.8,48,71,41,Business,S3
226,286,C401,79,Pass,Female,38,2,3,39,233,1.0,18,105,56,Arts,S2
227,430,C101,43,Fail,Male,24,5,4,45,166,-2.4,27,42,54,Arts,S1
228,248,C101,41,Fail,Male,21,0,3,30,137,-0.2,7,40,64,Business,S2
229,399,C401,33,Withdrawn,Female,19,0,4,22,107,-1.4,28,117,60,Business,S2
230,189,C301,94,Pass,Male,30,3,3,13,173,4.5,46,10,70,STEM,S2
231,101,C401,0,Withdrawn,Male,39,0,3,58,183,-3.0,29,141,68,Business,S3
232,125,C301,94,Pass,Female,35,2,4,13,118,2.6,32,118,43,Arts,S1
233,498,C101,91,Pass,Male,45,0,4,37,238,-3.2,21,138,90,STEM,S3
234,34,C401,75,Pass,Male,44,4,3,61,221,-0.9,39,105,64,STEM,S3
235,38,C301,33,Withdrawn,Male,37,2,1,41,100,1.3,4,155,50,Business,S1
236,357,C401,35,Withdrawn,Female,22,0,3,34,277,-4.2,16,118,67,Business,S2
237,88,C401,14,Withdrawn,Male,31,1,1,66,70,3.7,35,162,82,Business,S1
238,82,C101,26,Withdrawn,Female,27,4,4,40,194,-1.0,29,183,59,Arts,S3
239,451,C401,12,Withdrawn,Male,34,5,2,74,106,-3.2,10,176,71,Business,S2
240,355,C201,3,Withdrawn,Male,41,4,3,81,218,-2.7,3,47,71,STEM,S3
241,262,C301,69,Pass,Male,32,2,5,14,165,-4.7,38,197,93,STEM,S1
242,401,C401,3,Withdrawn,Male,42,1,1,86,118,1.9,7,123,53,STEM,S1
243,273,C301,31,Withdrawn,Female,22,2,2,76,130,-0.3,47,127,60,STEM,S2
244,62,C401,24,Withdrawn,Male,35,3,1,20,71,-0.3,16,129,47,Arts,S3
245,211,C301,100,Pass,Male,37,3,5,28,163,4.8,37,13,57,Business,S3
246,416,C201,0,Withdrawn,Male,31,2,3,65,112,2.5,41,81,90,STEM,S1
247,122,C301,1,Withdrawn,Female,34,5,1,80,236,-2.4,5,155,86,Business,S1
248,492,C401,60,Pass,Female,30,0,1,52,189,2.7,22,33,95,STEM,S3
249,64,C401,75,Pass,Male,43,4,5,15,228,-4.8,25,155,93,STEM,S1
250,259,C101,5,Withdrawn,Male,43,0,2,80,92,-4.3,22,56,50,Arts,S3
251,100,C401,39,Withdrawn,Male,35,1,1,27,156,3.1,40,6,44,STEM,S2
252,232,C201,8,Withdrawn,Female,19,2,1,12,38,0.4,16,71,65,STEM,S1
253,381,C201,34,Withdrawn,Female,23,3,2,52,45,-0.9,23,82,78,Business,S3
254,270,C401,30,Withdrawn,Female,32,0,5,35,31,-3.3,26,96,86,Arts,S2
255,105,C101,13,Withdrawn,Male,35,2,5,20,291,-1.0,3,94,59,Business,S3
256,92,C201,56,Fail,Male,30,1,2,33,185,3.4,40,75,51,Business,S2
257,123,C201,55,Fail,Female,20,0,5,90,298,-4.7,9,97,95,STEM,S2
258,140,C101,90,Pass,Female,27,3,4,12,108,-1.1,28,111,83,STEM,S2
259,170,C401,36,Withdrawn,Male,18,2,2,55,295,-3.6,34,199,83,Arts,S3
260,298,C401,38,Withdrawn,Male,19,3,3,87,227,4.4,22,148,59,Arts,S2
261,110,C101,29,Withdrawn,Male,42,1,4,25,136,2.3,5,92,95,Business,S1
262,142,C301,93,Pass,Male,31,0,3,39,102,-4.3,3,2,53,STEM,S2
263,357,C101,61,Pass,Male,30,5,1,12,56,-0.2,34,48,54,Business,S3
264,393,C101,12,Withdrawn,Female,31,1,4,51,33,0.6,14,145,71,STEM,S3
265,491,C101,38,Withdrawn,Male,30,1,1,61,293,-1.5,8,62,45,STEM,S3
266,418,C301,25,Withdrawn,Female,39,1,2,71,114,0.6,2,10,75,STEM,S2
267,292,C301,29,Withdrawn,Female,23,1,2,36,94,3.9,41,30,60,Business,S1
268,13,C301,19,Withdrawn,Male,19,5,1,90,138,-1.7,39,93,61,Business,S2
269,230,C101,64,Pass,Male,30,5,2,56,225,2.8,44,58,44,Arts,S3
270,106,C301,50,Fail,Female,31,0,3,49,34,-2.0,14,151,93,STEM,S3
271,468,C301,64,Pass,Male,27,5,4,54,207,-0.3,30,158,56,Business,S1
272,298,C101,70,Pass,Male,18,5,3,69,258,1.7,9,107,90,Arts,S2
273,216,C301,92,Pass,Female,35,4,3,57,245,0.9,21,173,46,Business,S2
274,395,C401,64,Pass,Male,26,5,5,59,200,-0.0,23,141,95,STEM,S2
275,352,C201,62,Pass,Male,18,1,5,31,299,-0.6,47,23,48,Business,S3
276,15,C101,33,Withdrawn,Male,36,3,3,89,248,4.1,5,106,68,Business,S2
277,145,C101,97,Pass,Male,23,0,1,22,41,0.7,36,11,65,Business,S3
278,266,C401,89,Pass,Male,32,3,4,81,295,-4.5,41,127,52,STEM,S3
279,496,C301,2,Withdrawn,Female,21,5,4,22,155,2.2,3,93,55,STEM,S3
280,66,C301,42,Fail,Male,25,2,3,40,71,3.1,46,172,85,Arts,S2
281,308,C301,11,Withdrawn,Female,31,2,3,54,203,1.2,31,87,91,STEM,S3
282,164,C201,76,Pass,Female,25,5,5,83,124,-1.2,50,140,52,STEM,S3
283,442,C301,10,Withdrawn,Female,19,1,1,80,199,-1.1,29,33,46,STEM,S3
284,249,C301,74,Pass,Male,30,4,5,12,107,-3.4,12,158,51,Business,S1
285,390,C201,97,Pass,Male,29,5,2,90,107,0.9,41,39,76,Arts,S1
286,147,C101,32,Withdrawn,Female,36,1,5,56,251,1.3,47,65,40,Business,S3
287,226,C301,70,Pass,Male,18,1,2,44,133,-3.3,21,67,90,STEM,S3
288,454,C301,20,Withdrawn,Male,29,5,2,85,134,1.1,11,15,45,STEM,S1
289,135,C401,33,Withdrawn,Female,36,0,5,43,110,-0.5,24,107,81,STEM,S3
290,428,C101,16,Withdrawn,Male,37,1,2,51,89,0.7,28,98,58,Business,S2
291,242,C401,56,Fail,Female,24,0,2,18,298,-1.1,25,75,48,Arts,S2
292,317,C101,3,Withdrawn,Female,36,5,5,50,166,-3.7,32,49,68,Business,S1
293,283,C301,22,Withdrawn,Female,31,0,5,23,179,4.2,17,196,48,Business,S2
294,462,C401,84,Pass,Male,26,1,1,36,296,2.1,23,49,40,STEM,S2
295,22,C201,81,Pass,Male,30,5,2,64,175,2.6,36,187,58,STEM,S1
296,20,C201,51,Fail,Male,35,5,5,73,264,1.9,18,105,44,Arts,S2
297,441,C101,42,Fail,Male,45,0,1,77,87,-3.8,38,187,46,Arts,S1
298,186,C201,96,Pass,Female,32,1,4,14,149,-3.9,12,147,77,Arts,S2
299,223,C201,52,Fail,Male,42,5,4,13,80,3.1,24,112,58,STEM,S1
300,398,C301,22,Withdrawn,Male,41,1,3,13,212,3.2,14,151,44,STEM,S2
301,454,C201,25,Withdrawn,Female,27,2,1,29,185,-3.3,9,38,63,STEM,S2
302,370,C301,16,Withdrawn,Male,20,4,1,29,131,0.6,25,130,87,Business,S1
303,324,C201,6,Withdrawn,Female,41,1,5,77,215,-2.8,23,90,92,STEM,S2
304,255,C401,28,Withdrawn,Female,41,0,1,58,271,4.9,16,79,67,Arts,S1
305,364,C101,27,Withdrawn,Male,36,3,5,72,85,-3.9,34,7,61,Business,S2
306,310,C101,1,Withdrawn,Female,22,5,5,47,177,4.6,32,50,90,Business,S2
307,200,C101,25,Withdrawn,Male,39,4,1,21,247,-1.6,31,94,55,STEM,S3
308,195,C201,41,Fail,Female,19,5,2,74,73,-1.9,7,30,72,Arts,S3
309,369,C401,72,Pass,Female,35,0,2,90,220,-0.4,33,133,90,Business,S3
310,316,C101,58,Fail,Female,20,2,1,61,96,0.4,37,77,44,Arts,S1
311,492,C201,19,Withdrawn,Male,22,0,1,41,214,2.3,26,115,90,STEM,S3
312,52,C101,43,Fail,Male,43,5,1,19,126,0.1,28,158,84,Arts,S1
313,33,C301,77,Pass,Female,28,2,3,27,183,3.5,29,144,73,Business,S2
314,493,C401,88,Pass,Female,34,3,4,50,240,-1.1,14,37,73,Arts,S1
315,435,C401,96,Pass,Male,39,0,3,75,189,2.4,36,73,95,Business,S1
316,150,C301,65,Pass,Male,21,2,3,63,179,-0.6,48,92,48,Arts,S2
317,128,C201,4,Withdrawn,Male,28,5,2,62,195,-0.5,5,89,78,Arts,S1
318,215,C101,63,Pass,Female,25,5,3,25,39,-2.4,25,64,72,Arts,S3
319,458,C301,21,Withdrawn,Male,40,1,3,49,261,5.0,18,170,79,STEM,S2
320,14,C301,28,Withdrawn,Male,38,2,4,57,270,-3.2,32,95,93,Business,S3
321,463,C401,72,Pass,Male,35,2,2,31,204,-2.8,47,91,87,Business,S1
322,110,C301,52,Fail,Male,27,0,1,56,231,-2.8,11,189,91,Arts,S2
323,29,C201,15,Withdrawn,Male,24,1,1,35,235,-3.5,10,89,47,Arts,S1
324,178,C101,50,Fail,Male,40,1,3,55,64,-1.8,30,26,89,Arts,S1
325,234,C301,47,Fail,Male,21,4,5,60,300,-4.8,47,185,86,Business,S1
326,124,C401,81,Pass,Male,37,3,2,40,145,-4.1,27,139,43,Business,S2
327,389,C201,44,Fail,Female,45,4,1,36,110,-4.8,15,88,51,Arts,S1
328,80,C301,87,Pass,Female,30,5,5,72,138,3.3,30,79,75,Arts,S1
329,258,C401,22,Withdrawn,Male,33,1,5,54,278,0.7,13,96,75,STEM,S2
330,300,C101,27,Withdrawn,Female,43,2,4,38,110,2.4,17,43,66,Business,S2
331,481,C301,16,Withdrawn,Male,25,1,3,57,135,1.2,11,110,52,Business,S2
332,219,C401,77,Pass,Female,26,0,1,68,35,0.6,23,124,68,STEM,S2
333,394,C201,96,Pass,Female,24,1,5,28,285,4.9,27,110,68,Arts,S1
334,165,C201,45,Fail,Female,45,1,3,12,66,1.6,22,7,69,Business,S3
335,126,C101,20,Withdrawn,Female,31,2,3,53,265,-3.4,19,123,49,Business,S3
336,148,C101,66,Pass,Female,31,4,4,46,154,-2.2,23,198,46,Business,S3
337,499,C101,83,Pass,Male,42,4,3,33,103,3.3,30,116,43,Arts,S1
338,267,C201,2,Withdrawn,Male,35,4,4,79,260,-5.0,27,27,78,STEM,S3
339,451,C301,15,Withdrawn,Male,31,3,1,56,256,0.5,7,99,92,Business,S3
340,145,C101,47,Fail,Female,29,5,2,70,80,-0.1,11,146,80,Arts,S2
341,292,C201,62,Pass,Female,40,3,2,37,115,-3.9,33,124,41,STEM,S3
342,122,C401,14,Withdrawn,Male,41,4,2,35,92,1.7,28,127,92,Arts,S1
343,415,C301,32,Withdrawn,Male,21,1,3,50,275,0.6,3,155,63,Business,S1
344,304,C401,97,Pass,Male,26,0,5,23,215,0.0,21,161,65,Arts,S1
345,317,C301,76,Pass,Male,39,3,5,88,260,4.5,0,49,65,Arts,S1
346,194,C101,15,Withdrawn,Female,25,3,1,66,103,-1.5,26,135,67,STEM,S3
347,119,C301,35,Withdrawn,Male,35,1,3,83,175,2.2,21,196,82,Arts,S3
348,6,C301,30,Withdrawn,Male,25,3,1,41,178,-4.2,41,53,51,Arts,S2
349,14,C101,67,Pass,Female,40,3,5,70,236,-4.7,11,186,49,Business,S2
350,249,C401,17,Withdrawn,Female,19,4,1,47,285,-2.3,42,88,48,Arts,S1
351,59,C401,6,Withdrawn,Female,28,5,4,70,222,-4.6,1,70,88,Business,S3
352,107,C201,42,Fail,Female,20,5,4,56,148,-4.6,29,90,81,STEM,S3
353,315,C201,87,Pass,Male,36,2,1,43,103,1.9,13,168,64,Arts,S2
354,274,C101,87,Pass,Female,33,0,3,17,68,-4.6,35,68,49,STEM,S3
355,335,C401,81,Pass,Female,43,4,1,60,228,2.0,19,110,87,Business,S3
356,110,C201,92,Pass,Female,34,5,3,45,167,-0.4,22,108,41,Business,S3
357,162,C201,60,Pass,Female,40,0,1,19,74,-1.8,4,164,91,STEM,S1
358,166,C401,68,Pass,Male,41,1,3,13,188,-4.2,27,157,59,STEM,S3
359,111,C401,33,Withdrawn,Female,40,0,2,26,116,4.8,20,70,77,Business,S2
360,164,C101,89,Pass,Female,39,2,1,53,85,-3.5,4,164,85,Arts,S1
361,424,C301,5,Withdrawn,Male,40,2,4,56,167,1.3,4,53,85,STEM,S2
362,289,C101,16,Withdrawn,Male,31,0,3,60,127,-1.6,39,89,47,Business,S1
363,490,C101,46,Fail,Male,28,1,2,70,117,-5.0,16,188,93,STEM,S1
364,214,C101,4,Withdrawn,Female,43,2,5,64,252,2.3,1,130,67,STEM,S2
365,274,C301,7,Withdrawn,Female,23,1,2,71,108,-2.4,45,75,67,Business,S1
366,298,C201,70,Pass,Female,44,4,5,72,40,-4.1,46,18,67,STEM,S3
367,71,C201,89,Pass,Male,19,4,1,62,175,-3.5,44,31,60,STEM,S1
368,254,C201,60,Pass,Male,30,3,5,33,159,-1.4,48,0,64,Arts,S3
369,316,C401,20,Withdrawn,Male,38,3,3,58,109,2.5,1,40,76,Business,S3
370,7,C101,99,Pass,Male,44,4,1,23,70,-0.1,0,131,41,Business,S1
371,377,C401,14,Withdrawn,Female,29,0,1,24,80,2.2,25,55,65,Business,S1
372,162,C401,5,Withdrawn,Female,43,0,5,73,202,-2.2,4,16,80,STEM,S3
373,343,C101,15,Withdrawn,Female,23,1,4,82,211,1.6,0,167,52,Arts,S3
374,175,C301,99,Pass,Male,22,2,2,87,224,-1.1,36,138,80,Arts,S1
375,192,C401,50,Fail,Male,25,0,3,89,261,1.7,9,172,79,Business,S2
376,233,C201,5,Withdrawn,Female,23,3,3,21,75,-1.8,1,56,77,Business,S1
377,143,C101,13,Withdrawn,Male,39,3,3,50,136,-0.4,30,178,72,STEM,S2
378,210,C401,99,Pass,Female,20,0,1,59,89,-4.7,46,6,57,STEM,S2
379,338,C101,78,Pass,Female,23,0,2,75,201,-1.2,23,126,89,STEM,S1
380,203,C201,73,Pass,Female,40,3,1,32,152,3.2,0,118,50,Business,S2
381,488,C301,19,Withdrawn,Female,20,1,2,17,266,2.4,39,53,66,STEM,S2
382,116,C401,26,Withdrawn,Female,20,2,1,54,268,2.4,15,177,71,STEM,S3
383,112,C201,24,Withdrawn,Female,18,0,4,64,133,-3.2,12,19,77,STEM,S1
384,14,C301,27,Withdrawn,Female,35,2,4,57,82,-2.4,45,22,79,STEM,S3
385,48,C101,15,Withdrawn,Male,37,4,2,28,145,-3.7,49,28,77,STEM,S2
386,369,C101,99,Pass,Female,34,0,3,63,125,-3.6,19,186,82,STEM,S3
387,68,C401,16,Withdrawn,Male,39,0,5,76,195,-4.6,10,11,86,Business,S2
388,218,C101,75,Pass,Female,20,1,4,50,165,-1.6,26,14,79,Business,S2
389,152,C301,77,Pass,Female,30,3,2,76,119,-0.7,37,102,74,Arts,S1
390,388,C201,46,Fail,Female,33,2,2,12,205,-2.1,34,95,50,STEM,S2
391,12,C101,31,Withdrawn,Female,34,1,5,16,300,-1.7,13,137,82,Business,S3
392,451,C101,73,Pass,Male,34,2,3,58,81,-0.9,14,69,88,Arts,S2
393,476,C101,62,Pass,Male,40,2,3,76,180,1.1,31,55,90,STEM,S3
394,251,C101,6,Withdrawn,Female,21,3,3,12,35,-0.8,32,25,76,Arts,S3
395,420,C201,34,Withdrawn,Female,28,2,2,27,300,-4.8,4,36,95,Arts,S3
396,45,C301,68,Pass,Female,19,3,2,14,267,0.4,14,124,69,Arts,S3
397,499,C301,69,Pass,Female,43,1,3,18,56,-2.1,19,27,79,STEM,S2
398,26,C201,37,Withdrawn,Female,20,3,3,42,204,-3.5,18,12,77,Arts,S3
399,421,C101,67,Pass,Female,31,3,2,44,218,-2.4,31,0,76,Business,S3
400,279,C101,66,Pass,Male,44,2,4,23,84,1.3,27,68,88,STEM,S3
401,53,C401,22,Withdrawn,Male,45,5,5,55,45,-4.2,14,52,43,STEM,S2
402,8,C101,83,Pass,Male,36,3,3,17,111,-3.5,29,53,48,Business,S1
403,195,C201,26,Withdrawn,Female,18,3,1,83,194,3.8,50,118,85,STEM,S1
404,276,C301,44,Fail,Male,26,3,4,10,243,2.5,38,129,90,Arts,S2
405,297,C401,6,Withdrawn,Female,38,4,2,29,195,4.0,10,161,75,Business,S2
406,242,C101,9,Withdrawn,Male,45,3,5,34,261,-1.3,18,114,66,STEM,S3
407,187,C101,46,Fail,Female,21,4,2,63,240,4.4,3,30,74,Business,S2
408,260,C301,54,Fail,Male,39,3,3,52,34,3.1,14,140,93,Business,S2
409,282,C401,21,Withdrawn,Female,37,1,5,44,76,2.1,24,138,60,Business,S2
410,475,C101,26,Withdrawn,Male,44,3,5,34,109,0.5,9,85,56,Arts,S3
411,115,C201,89,Pass,Female,25,3,5,51,174,-0.9,8,37,43,Arts,S3
412,159,C101,50,Fail,Male,19,2,5,74,47,-2.6,6,182,46,Business,S1
413,304,C401,26,Withdrawn,Female,19,1,4,84,127,4.2,37,78,62,Arts,S1
414,102,C401,13,Withdrawn,Female,28,5,5,34,211,-3.1,4,22,51,Business,S1
415,438,C401,31,Withdrawn,Female,21,0,4,50,183,-3.4,39,21,48,STEM,S1
416,98,C401,96,Pass,Female,27,0,1,50,242,3.0,2,98,45,Arts,S1
417,406,C301,37,Withdrawn,Female,42,5,4,41,179,4.1,9,199,59,STEM,S2
418,145,C101,39,Withdrawn,Female,45,3,1,57,179,1.9,33,105,41,Business,S3
419,467,C401,55,Fail,Female,23,0,5,56,256,-4.5,46,27,53,Business,S1
420,475,C201,3,Withdrawn,Male,41,2,1,10,264,4.1,6,99,48,STEM,S1
421,369,C301,97,Pass,Male,42,2,3,90,164,-2.0,38,107,54,Arts,S2
422,126,C301,53,Fail,Female,43,1,2,26,257,2.0,37,71,52,Business,S2
423,202,C401,11,Withdrawn,Male,36,2,2,25,38,-0.5,31,132,93,Business,S3
424,212,C301,5,Withdrawn,Male,30,5,2,70,133,-1.1,43,101,54,STEM,S2
425,49,C201,77,Pass,Female,33,4,4,45,253,4.1,11,152,50,Business,S1
426,34,C401,88,Pass,Male,35,2,3,55,127,-3.7,2,26,87,STEM,S1
427,137,C301,13,Withdrawn,Male,37,0,5,62,279,-4.9,24,98,52,STEM,S2
428,340,C401,81,Pass,Male,25,4,3,17,91,0.9,0,122,75,Business,S1
429,351,C101,98,Pass,Male,24,0,2,82,99,-0.7,8,53,50,Arts,S3
430,371,C101,17,Withdrawn,Female,19,5,2,85,45,1.3,50,30,45,Business,S3
431,338,C301,78,Pass,Female,40,2,1,82,168,1.0,16,53,78,STEM,S2
432,290,C201,90,Pass,Male,21,0,3,67,57,-3.3,3,44,71,Arts,S3
433,159,C401,1,Withdrawn,Male,36,3,3,66,44,-0.2,46,165,79,Business,S1
434,357,C301,50,Fail,Male,19,5,3,39,56,4.0,15,30,81,STEM,S1
435,290,C301,59,Fail,Female,25,0,2,12,271,2.3,29,151,41,Business,S3
436,348,C301,15,Withdrawn,Male,34,2,2,16,300,4.8,35,61,70,Arts,S2
437,36,C201,35,Withdrawn,Male,22,2,1,38,38,2.5,42,121,64,Business,S2
438,101,C301,63,Pass,Female,20,3,1,10,204,0.9,2,67,54,Arts,S1
439,76,C401,17,Withdrawn,Female,37,3,1,86,258,-2.3,0,157,94,STEM,S2
440,322,C201,56,Fail,Female,32,1,2,51,144,0.9,30,12,74,Arts,S3
441,358,C101,68,Pass,Male,36,2,2,29,267,-4.7,32,184,87,Business,S2
442,13,C101,20,Withdrawn,Female,45,5,2,60,109,-0.8,40,148,56,STEM,S3
443,468,C201,58,Fail,Female,30,4,5,64,117,-2.4,16,151,43,STEM,S3
444,256,C301,99,Pass,Female,25,3,5,26,298,4.9,22,0,64,STEM,S2
445,1,C301,17,Withdrawn,Female,37,4,3,83,281,1.2,0,53,63,Business,S1
446,48,C101,12,Withdrawn,Female,30,0,1,25,82,2.2,28,122,52,STEM,S3
447,317,C401,31,Withdrawn,Male,27,0,2,62,117,-2.6,33,156,48,Business,S3
448,292,C101,99,Pass,Female,32,2,2,80,54,-2.1,26,3,66,Arts,S2
449,389,C201,17,Withdrawn,Female,38,0,3,56,222,-3.4,10,163,59,STEM,S3
450,110,C301,5,Withdrawn,Female,23,1,3,26,185,-0.5,1,148,41,Arts,S3
451,449,C201,60,Pass,Female,18,4,2,80,66,2.0,23,40,74,STEM,S3
452,56,C101,55,Fail,Male,19,4,4,49,111,-0.8,6,154,59,Business,S2
453,1,C101,67,Pass,Female,45,0,4,10,55,-4.9,16,132,84,Arts,S1
454,3,C401,39,Withdrawn,Female,36,4,5,15,267,-3.9,15,59,74,Business,S3
455,195,C101,56,Fail,Male,28,4,2,55,167,-3.7,47,68,46,Arts,S2
456,88,C201,43,Fail,Male,22,0,5,78,130,-2.1,22,68,52,Business,S2
457,499,C401,1,Withdrawn,Female,19,1,4,37,272,0.7,37,191,76,Business,S3
458,451,C101,13,Withdrawn,Male,44,3,1,17,192,3.6,0,164,75,Arts,S1
459,24,C401,36,Withdrawn,Female,42,0,3,75,293,-3.1,13,146,84,Arts,S1
460,409,C201,80,Pass,Female,43,0,4,18,37,-2.4,35,87,90,Business,S3
461,308,C401,75,Pass,Female,33,1,5,25,103,1.0,9,151,84,Arts,S3
462,122,C301,40,Fail,Female,41,0,5,16,181,3.7,32,23,95,STEM,S1
463,47,C101,26,Withdrawn,Male,23,5,4,36,172,2.6,25,65,50,STEM,S3
464,242,C301,18,Withdrawn,Female,33,2,4,61,95,2.6,16,182,71,STEM,S1
465,368,C301,73,Pass,Female,45,1,2,87,96,-0.3,48,5,71,STEM,S2
466,443,C301,54,Fail,Female,28,2,4,29,62,-3.9,1,124,59,STEM,S2
467,146,C201,82,Pass,Female,39,2,4,66,84,2.6,2,57,45,STEM,S1
468,96,C301,62,Pass,Female,32,5,4,69,58,-1.9,1,116,87,Business,S1
469,326,C201,41,Fail,Female,21,2,3,39,38,-3.6,24,173,58,Arts,S3
470,186,C301,37,Withdrawn,Male,35,4,5,55,92,1.2,49,50,63,STEM,S3
471,351,C401,92,Pass,Male,44,1,3,70,198,-4.4,48,84,94,STEM,S1
472,81,C401,13,Withdrawn,Male,40,0,1,89,67,1.4,3,28,56,Arts,S1
473,458,C201,20,Withdrawn,Female,35,3,2,65,204,0.6,23,108,63,STEM,S2
474,413,C101,83,Pass,Male,37,4,1,72,164,-0.2,32,150,68,Business,S1
475,105,C201,68,Pass,Male,38,2,5,64,72,4.4,48,181,56,Business,S1
476,89,C201,29,Withdrawn,Female,27,4,5,53,186,0.5,34,160,42,Business,S3
477,338,C101,65,Pass,Female,31,2,1,88,279,2.2,42,181,92,Business,S1
478,346,C301,44,Fail,Male,33,4,5,19,85,-1.0,1,39,40,Arts,S3
479,50,C201,35,Withdrawn,Male,41,4,2,30,276,3.8,37,79,74,Arts,S2
480,51,C101,66,Pass,Male,27,2,5,78,299,0.4,6,47,90,Arts,S3
481,387,C401,0,Withdrawn,Male,31,1,2,59,110,4.7,15,19,88,STEM,S2
482,52,C301,48,Fail,Male,40,5,4,42,77,3.4,8,67,53,Business,S1
483,104,C201,54,Fail,Female,19,4,3,11,74,-1.1,18,131,66,STEM,S1
484,278,C301,47,Fail,Male,26,3,3,26,125,-0.4,46,115,64,STEM,S1
485,486,C301,63,Pass,Female,32,5,1,66,141,3.3,32,93,64,STEM,S3
486,327,C301,89,Pass,Male,32,3,5,88,270,2.0,45,90,44,STEM,S1
487,162,C201,37,Withdrawn,Male,34,4,5,73,102,0.5,31,60,88,Business,S1
488,257,C401,71,Pass,Male,29,4,3,22,234,-3.5,24,129,70,STEM,S3
489,154,C301,64,Pass,Male,26,3,4,42,86,-4.5,9,184,88,STEM,S2
490,261,C401,19,Withdrawn,Female,40,4,2,82,209,2.1,45,63,66,STEM,S3
491,146,C301,48,Fail,Male,43,2,4,89,64,2.1,6,69,57,Business,S1
492,277,C201,60,Pass,Female,41,5,5,20,214,2.8,45,27,74,STEM,S2
493,227,C101,23,Withdrawn,Male,18,2,5,77,293,1.1,42,25,83,Business,S2
494,35,C101,42,Fail,Female,44,4,5,66,237,2.5,45,79,70,Arts,S3
495,296,C301,44,Fail,Male,40,4,5,31,198,-4.1,48,31,52,STEM,S1
496,428,C101,58,Fail,Male,39,0,3,73,117,0.5,35,25,80,Business,S2
497,152,C401,2,Withdrawn,Male,39,3,4,26,143,1.5,7,64,74,Business,S3
498,352,C101,21,Withdrawn,Male,30,0,5,20,250,-2.1,24,155,40,STEM,S3
499,93,C201,93,Pass,Male,21,1,4,70,226,2.9,24,193,57,STEM,S2
500,458,C101,29,Withdrawn,Female,45,3,2,71,35,-1.6,50,135,53,Business,S3
501,280,C201,7,Withdrawn,Male,29,0,3,67,145,3.8,4,83,68,Business,S3
502,34,C401,46,Fail,Female,45,1,3,56,75,3.1,44,183,91,STEM,S2
503,420,C101,42,Fail,Female,26,0,4,41,193,2.3,21,52,74,Arts,S3
504,213,C201,97,Pass,Male,35,0,5,65,131,-2.1,32,100,76,Arts,S2
505,98,C301,10,Withdrawn,Female,30,5,4,24,202,-3.2,27,193,67,Business,S2
506,266,C401,66,Pass,Female,30,0,5,16,108,-1.6,25,15,62,STEM,S3
507,426,C301,75,Pass,Male,40,4,3,65,140,-1.6,23,179,72,Arts,S1
508,95,C301,37,Withdrawn,Male,20,3,3,86,62,-4.6,17,190,88,Arts,S2
509,237,C301,28,Withdrawn,Male,45,3,1,19,235,3.7,44,168,60,Arts,S3
510,53,C201,9,Withdrawn,Male,29,2,1,58,39,-4.1,17,105,84,Business,S1
511,68,C201,63,Pass,Male,33,5,1,86,130,2.0,18,14,65,Business,S2
512,61,C101,41,Fail,Male,31,4,3,59,204,-0.1,7,131,51,Arts,S3
513,172,C401,70,Pass,Male,37,4,3,87,126,1.2,43,58,61,Arts,S1
514,237,C201,18,Withdrawn,Male,40,1,2,73,168,4.0,30,199,63,Arts,S1
515,247,C401,53,Fail,Male,23,4,5,50,164,-0.2,42,15,84,Arts,S3
516,199,C401,40,Fail,Female,27,2,5,51,53,-2.3,44,68,79,Business,S2
517,162,C201,75,Pass,Female,42,2,3,62,232,-2.8,1,181,84,Arts,S1
518,207,C301,5,Withdrawn,Male,18,0,5,62,50,-2.1,33,85,74,Arts,S3
519,92,C301,50,Fail,Female,28,4,4,87,32,-1.2,12,176,61,STEM,S3
520,333,C401,1,Withdrawn,Female,34,1,2,58,294,-4.1,45,140,49,Business,S3
521,398,C301,97,Pass,Male,43,5,4,51,265,-3.1,20,186,82,Business,S2
522,11,C401,17,Withdrawn,Female,23,1,4,19,218,-1.5,10,59,53,Arts,S3
523,140,C201,40,Fail,Female,30,1,1,79,248,2.1,1,36,80,Arts,S2
524,368,C101,87,Pass,Male,31,1,1,30,209,3.6,46,199,56,Arts,S1
525,111,C201,97,Pass,Female,34,1,1,27,282,-3.4,26,140,89,Arts,S2
526,15,C301,78,Pass,Female,29,4,5,42,158,0.4,5,5,57,STEM,S1
527,223,C201,24,Withdrawn,Male,43,4,4,67,193,-1.8,20,35,65,STEM,S1
528,1,C401,94,Pass,Male,43,1,2,84,175,4.6,48,128,83,STEM,S3
529,441,C201,7,Withdrawn,Male,20,3,5,29,139,3.9,6,16,47,STEM,S3
530,493,C101,50,Fail,Female,26,2,4,19,94,2.7,37,124,70,Arts,S2
531,474,C401,18,Withdrawn,Male,44,3,4,36,215,0.7,44,155,77,Arts,S2
532,212,C301,34,Withdrawn,Male,32,0,1,25,34,-1.6,13,107,55,STEM,S3
533,64,C201,56,Fail,Male,38,3,1,90,59,-2.7,1,156,87,STEM,S2
534,168,C101,46,Fail,Female,22,0,4,74,282,-2.3,18,41,51,Arts,S2
535,416,C201,98,Pass,Male,35,4,1,20,150,2.1,20,36,40,Business,S1
536,87,C101,24,Withdrawn,Male,23,1,5,47,242,1.6,8,74,81,Arts,S1
537,46,C201,47,Fail,Female,38,2,4,23,73,-1.0,33,7,76,STEM,S2
538,187,C101,94,Pass,Male,24,3,1,26,183,-3.9,25,57,65,Business,S3
539,47,C201,98,Pass,Female,40,3,5,49,81,-0.3,29,149,75,STEM,S2
540,471,C301,15,Withdrawn,Female,20,5,5,77,131,2.0,1,105,62,Arts,S3
541,131,C301,98,Pass,Male,38,0,4,37,35,-2.9,3,182,61,Business,S2
542,121,C101,66,Pass,Female,23,2,1,29,94,4.4,1,9,53,Arts,S2
543,96,C401,50,Fail,Female,30,2,4,16,157,3.9,4,40,58,STEM,S2
544,51,C301,68,Pass,Male,34,5,2,58,203,-4.3,2,185,74,Arts,S3
545,474,C101,80,Pass,Female,27,2,3,23,69,4.5,36,31,78,STEM,S2
546,371,C201,94,Pass,Male,33,0,5,83,139,2.7,32,64,75,STEM,S3
547,148,C301,31,Withdrawn,Male,40,2,2,59,120,1.3,30,132,92,STEM,S2
548,372,C101,34,Withdrawn,Female,38,4,4,55,280,2.5,29,188,61,STEM,S2
549,437,C401,29,Withdrawn,Male,33,1,1,49,36,2.5,39,92,66,Arts,S1
550,262,C301,91,Pass,Male,20,3,3,74,55,-0.2,38,63,72,STEM,S1
551,40,C401,55,Fail,Male,26,5,5,23,211,3.1,9,14,51,Arts,S3
552,196,C101,87,Pass,Male,38,4,4,47,156,-1.0,34,74,95,Arts,S2
553,113,C401,34,Withdrawn,Female,22,3,4,54,95,0.3,36,190,58,Arts,S3
554,244,C301,74,Pass,Male,29,4,2,69,79,-3.4,41,55,94,STEM,S2
555,62,C301,87,Pass,Male,41,3,2,74,249,1.8,39,116,77,STEM,S3
556,289,C301,17,Withdrawn,Male,31,3,3,56,167,-2.1,33,168,54,STEM,S1
557,237,C201,70,Pass,Female,43,4,1,12,209,3.4,18,134,52,STEM,S2
558,275,C401,22,Withdrawn,Male,27,2,4,66,63,-2.8,22,30,62,STEM,S1
559,307,C101,23,Withdrawn,Male,45,1,4,55,186,-1.8,43,39,70,STEM,S2
560,478,C201,50,Fail,Female,27,5,1,38,98,-0.2,0,87,58,Business,S2
561,414,C301,33,Withdrawn,Female,24,2,1,68,256,2.8,38,165,49,Business,S3
562,494,C201,93,Pass,Male,34,3,5,90,39,-1.8,8,175,46,STEM,S1
563,316,C101,63,Pass,Male,44,5,5,40,87,-3.1,31,142,79,STEM,S2
564,20,C401,17,Withdrawn,Female,42,4,4,47,107,-3.2,9,161,40,STEM,S2
565,36,C401,2,Withdrawn,Male,40,5,4,56,198,-1.0,16,48,57,STEM,S1
566,446,C401,57,Fail,Female,37,5,1,16,183,3.4,31,85,94,Business,S3
567,95,C301,62,Pass,Female,29,5,3,48,296,0.4,46,195,59,Arts,S1
568,286,C301,90,Pass,Female,19,4,1,78,141,-0.1,19,64,59,Business,S3
569,87,C201,55,Fail,Female,31,4,1,34,274,2.5,45,112,77,Business,S3
570,9,C301,32,Withdrawn,Female,29,1,3,22,113,2.0,45,122,58,Arts,S3
571,249,C401,30,Withdrawn,Male,25,3,5,13,30,4.3,10,138,80,Arts,S2
572,232,C401,71,Pass,Male,32,5,1,56,242,-0.7,18,147,43,Arts,S2
573,395,C301,92,Pass,Male,20,3,4,44,166,4.0,49,18,76,Arts,S1
574,430,C201,99,Pass,Male,29,0,1,71,294,4.9,36,114,70,Arts,S2
575,103,C201,9,Withdrawn,Male,29,2,4,90,238,2.9,20,96,50,Arts,S3
576,16,C301,83,Pass,Female,37,0,3,37,139,-3.5,4,153,73,Business,S3
577,72,C101,34,Withdrawn,Male,21,4,5,80,224,4.8,2,179,52,STEM,S1
578,102,C101,92,Pass,Female,42,0,3,79,129,4.2,41,89,48,Business,S1
579,352,C301,51,Fail,Male,23,1,2,36,267,-1.1,34,77,72,Business,S2
580,499,C101,47,Fail,Female,24,1,3,88,152,2.8,5,105,61,Business,S2
581,427,C301,43,Fail,Female,33,1,3,22,76,4.5,36,91,89,Business,S3
582,278,C101,31,Withdrawn,Male,30,2,5,56,110,-2.6,47,23,71,Business,S1
583,56,C201,99,Pass,Male,22,2,3,54,47,3.6,5,62,46,Business,S3
584,31,C201,58,Fail,Female,38,0,5,20,193,1.0,21,12,74,Business,S2
585,9,C401,90,Pass,Male,34,3,4,20,91,-3.3,47,11,94,STEM,S2
586,39,C401,84,Pass,Female,28,0,5,58,296,1.9,6,97,70,Arts,S2
587,34,C201,7,Withdrawn,Female,18,3,2,81,237,-3.3,35,140,46,Business,S3
588,194,C401,0,Withdrawn,Female,30,5,2,78,287,3.8,29,86,76,STEM,S1
589,209,C201,29,Withdrawn,Female,43,3,4,26,54,-3.2,9,80,52,Business,S2
590,201,C201,20,Withdrawn,Male,45,0,5,23,181,4.2,30,36,92,Arts,S2
591,60,C301,48,Fail,Male,34,1,1,21,55,4.6,31,140,64,Business,S1
592,293,C201,59,Fail,Female,34,4,4,84,131,0.9,40,62,86,STEM,S2
593,62,C301,16,Withdrawn,Male,37,4,1,50,270,-4.4,34,189,57,Arts,S3
594,283,C101,31,Withdrawn,Male,26,2,4,19,61,-3.1,11,154,79,STEM,S3
595,242,C301,73,Pass,Male,25,3,5,23,184,-2.8,2,99,64,Business,S2
596,238,C201,11,Withdrawn,Female,33,0,4,35,294,3.5,3,52,43,STEM,S3
597,462,C101,44,Fail,Female,34,2,3,16,225,-1.5,17,3,45,Arts,S1
598,115,C101,47,Fail,Female,41,5,1,25,30,0.9,42,126,86,Arts,S3
599,36,C201,31,Withdrawn,Female,25,0,1,89,245,-1.5,49,63,81,Arts,S2
600,293,C301,42,Fail,Female,23,4,3,66,217,0.9,9,103,48,Arts,S3
601,242,C301,11,Withdrawn,Female,27,2,3,81,121,3.5,44,78,69,Business,S2
602,494,C401,10,Withdrawn,Male,32,4,2,79,186,0.6,46,182,77,Business,S3
603,402,C201,19,Withdrawn,Female,35,2,4,85,200,-0.9,12,57,49,STEM,S1
604,381,C201,80,Pass,Female,26,0,2,84,222,-0.5,40,161,44,Arts,S2
605,319,C301,96,Pass,Male,20,2,2,37,141,-3.4,2,161,54,Business,S2
606,479,C401,0,Withdrawn,Male,33,0,2,22,291,-3.0,11,155,44,Business,S2
607,476,C401,96,Pass,Female,40,2,4,33,219,-1.8,23,160,42,Arts,S3
608,333,C201,89,Pass,Male,30,4,1,72,40,-2.5,30,70,69,STEM,S3
609,301,C201,80,Pass,Male,29,1,1,75,96,-4.9,37,74,65,Business,S2
610,182,C401,27,Withdrawn,Female,35,2,5,16,140,3.3,3,166,63,STEM,S3
611,236,C101,9,Withdrawn,Female,44,0,5,14,171,-1.3,33,196,45,STEM,S3
612,438,C401,68,Pass,Male,38,2,1,70,276,-4.7,40,3,71,Arts,S2
613,123,C201,96,Pass,Female,23,0,5,25,191,-2.6,7,123,91,STEM,S2
614,162,C301,58,Fail,Male,30,3,3,42,258,-0.9,37,89,75,Arts,S2
615,246,C201,22,Withdrawn,Female,18,5,5,34,97,1.0,7,80,94,Arts,S2
616,295,C301,87,Pass,Male,38,5,4,52,137,-1.7,32,183,45,Arts,S2
617,496,C101,26,Withdrawn,Male,18,2,4,79,255,4.3,40,155,75,Arts,S2
618,216,C401,32,Withdrawn,Male,29,4,4,52,64,-3.7,28,92,82,Arts,S3
619,335,C401,22,Withdrawn,Female,26,0,4,21,239,0.2,48,157,81,Business,S1
620,221,C301,85,Pass,Female,25,4,3,81,65,-3.1,33,29,78,Arts,S1
621,264,C201,75,Pass,Male,43,2,3,10,69,2.3,23,140,75,Arts,S1
622,262,C401,50,Fail,Male,28,5,2,72,129,-2.0,11,70,84,Arts,S3
623,203,C401,53,Fail,Female,36,5,5,27,44,-1.1,6,190,78,Arts,S3
624,202,C401,6,Withdrawn,Female,41,4,3,34,171,-0.1,9,165,60,STEM,S3
625,308,C401,18,Withdrawn,Male,24,5,2,67,60,-0.9,38,114,73,Business,S2
626,128,C101,92,Pass,Female,40,3,2,40,49,1.8,34,184,74,Arts,S2
627,170,C301,51,Fail,Female,23,2,1,22,90,2.4,49,46,62,Business,S3
628,118,C301,47,Fail,Female,37,5,1,42,72,0.0,36,175,42,Business,S3
629,449,C101,41,Fail,Female,37,5,1,68,274,-3.6,24,52,47,Arts,S2
630,388,C201,55,Fail,Female,31,0,5,46,52,-4.9,41,108,45,Arts,S1
631,101,C101,31,Withdrawn,Male,21,3,3,49,201,4.6,36,52,86,STEM,S1
632,33,C201,30,Withdrawn,Female,23,3,1,48,242,1.5,19,70,54,STEM,S1
633,403,C101,95,Pass,Female,34,0,4,44,260,-1.0,24,83,43,Arts,S3
634,425,C301,16,Withdrawn,Female,23,5,2,81,92,-2.4,12,187,83,Business,S2
635,315,C301,87,Pass,Female,29,1,3,73,57,-3.0,7,9,88,Arts,S2
636,463,C401,80,Pass,Male,26,2,4,11,206,3.5,18,13,81,STEM,S3
637,184,C301,55,Fail,Male,18,0,5,52,68,3.6,23,100,87,STEM,S1
638,60,C301,74,Pass,Male,26,4,1,61,146,-3.3,26,8,78,Business,S2
639,55,C101,36,Withdrawn,Female,34,4,4,86,271,1.0,35,118,77,STEM,S3
640,183,C301,1,Withdrawn,Female,30,1,3,45,117,-1.3,8,97,75,Business,S2
641,102,C201,9,Withdrawn,Female,32,0,2,42,134,0.3,37,10,79,Arts,S1
642,113,C201,2,Withdrawn,Female,38,4,2,51,126,-0.9,40,56,49,Arts,S2
643,341,C301,29,Withdrawn,Female,32,4,1,32,195,0.4,11,186,43,STEM,S2
644,127,C401,90,Pass,Male,19,3,2,54,296,1.2,33,52,51,Arts,S1
645,289,C101,55,Fail,Male,27,5,3,65,209,1.9,41,41,52,Business,S1
646,137,C101,25,Withdrawn,Female,44,1,5,55,85,-0.5,33,51,79,STEM,S1
647,90,C201,67,Pass,Female,18,1,5,65,179,-2.6,39,139,94,Business,S2
648,205,C201,52,Fail,Female,40,5,2,15,144,0.4,42,182,89,Business,S2
649,233,C401,33,Withdrawn,Male,37,3,4,64,285,0.9,0,82,54,Business,S2
650,57,C401,45,Fail,Male,42,4,1,61,121,0.7,48,162,79,STEM,S1
651,13,C401,83,Pass,Male,32,3,5,67,34,4.2,42,73,63,Business,S1
652,459,C301,44,Fail,Female,22,2,4,55,156,4.4,34,182,81,Business,S1
653,306,C101,48,Fail,Female,28,2,2,59,212,4.0,32,138,54,STEM,S3
654,281,C401,33,Withdrawn,Male,19,3,3,41,139,-1.3,11,198,88,Business,S2
655,50,C201,95,Pass,Female,34,5,5,13,235,4.9,36,134,51,Arts,S3
656,114,C301,30,Withdrawn,Male,35,0,4,83,133,3.1,4,181,53,Arts,S1
657,460,C301,61,Pass,Female,33,1,1,48,264,2.3,0,76,82,Arts,S3
658,436,C201,25,Withdrawn,Female,42,2,2,11,80,0.5,14,6,54,Business,S3
659,218,C301,44,Fail,Male,37,3,2,81,36,0.9,3,35,90,Arts,S1
660,194,C401,31,Withdrawn,Male,19,1,5,72,124,-4.2,26,84,41,Arts,S3
661,434,C301,73,Pass,Male,38,4,2,31,255,-2.9,11,85,46,STEM,S1
662,263,C101,16,Withdrawn,Male,31,0,1,66,87,-4.8,27,135,95,STEM,S1
663,437,C201,44,Fail,Male,28,4,4,57,140,1.0,9,178,86,STEM,S2
664,442,C301,44,Fail,Female,35,4,1,37,34,-3.7,26,35,89,STEM,S3
665,19,C301,53,Fail,Female,18,0,5,12,75,4.0,41,144,58,STEM,S3
666,348,C301,59,Fail,Male,23,4,1,84,281,-4.4,41,61,86,Business,S3
667,481,C101,14,Withdrawn,Female,43,0,2,41,297,-4.8,47,189,52,STEM,S3
668,205,C401,16,Withdrawn,Female,36,3,1,14,248,4.2,36,106,71,STEM,S3
669,283,C101,59,Fail,Female,37,0,1,64,101,3.0,44,192,73,Business,S2
670,195,C301,77,Pass,Male,24,1,5,58,263,-0.8,21,88,45,STEM,S3
671,77,C401,95,Pass,Female,36,0,5,30,200,1.9,5,172,68,Business,S3
672,357,C301,76,Pass,Male,32,3,2,24,154,-3.0,19,123,79,STEM,S2
673,8,C401,19,Withdrawn,Male,33,5,1,30,188,4.3,39,158,67,STEM,S2
674,61,C201,26,Withdrawn,Male,27,3,3,82,187,4.1,22,41,88,Business,S1
675,206,C301,13,Withdrawn,Male,44,1,2,33,182,-2.1,39,177,57,STEM,S3
676,243,C201,62,Pass,Male,21,2,3,41,56,-0.1,47,97,66,Business,S1
677,103,C201,13,Withdrawn,Female,40,5,5,86,81,-0.9,38,66,83,STEM,S1
678,404,C201,72,Pass,Male,42,2,4,11,114,-1.3,46,45,76,Business,S2
679,132,C201,6,Withdrawn,Female,36,2,1,87,256,-4.6,41,87,59,Business,S1
680,27,C401,94,Pass,Female,36,1,4,82,130,1.6,2,123,66,Business,S2
681,88,C301,18,Withdrawn,Male,36,0,3,44,38,1.1,25,26,58,STEM,S1
682,126,C301,59,Fail,Female,41,4,5,10,154,-1.5,36,153,55,Business,S3
683,19,C401,0,Withdrawn,Female,34,2,1,90,122,-3.1,26,74,45,Arts,S3
684,309,C101,20,Withdrawn,Male,31,1,3,79,292,4.7,25,103,49,Business,S3
685,405,C301,2,Withdrawn,Male,22,3,3,26,115,-4.4,34,90,81,Arts,S3
686,432,C201,52,Fail,Female,30,3,5,77,152,2.6,12,50,77,Business,S1
687,390,C401,8,Withdrawn,Male,25,0,1,31,78,3.9,27,1,86,Arts,S3
688,467,C301,89,Pass,Male,44,2,5,54,256,-2.1,42,43,61,Arts,S2
689,154,C401,6,Withdrawn,Female,44,3,3,90,236,1.3,20,133,56,STEM,S3
690,1,C201,18,Withdrawn,Female,33,4,4,65,82,4.4,9,42,87,Business,S1
691,300,C401,7,Withdrawn,Male,23,3,2,24,101,-0.6,26,62,76,STEM,S1
692,307,C101,19,Withdrawn,Male,35,5,2,48,227,0.8,23,159,91,Business,S2
693,287,C301,93,Pass,Female,28,4,5,35,105,2.6,10,172,75,STEM,S3
694,402,C201,38,Withdrawn,Female,24,3,3,83,83,2.4,0,189,57,Business,S3
695,74,C201,35,Withdrawn,Female,18,5,2,36,132,-1.5,30,129,89,STEM,S3
696,70,C201,57,Fail,Male,28,0,5,39,160,2.4,28,130,59,Business,S2
697,335,C101,14,Withdrawn,Female,37,2,2,80,224,1.9,13,3,71,Arts,S2
698,206,C301,38,Withdrawn,Male,28,5,2,25,231,-3.2,32,62,93,Business,S1
699,161,C301,92,Pass,Female,35,3,3,72,178,4.1,41,137,73,Arts,S1
700,119,C401,40,Fail,Female,32,4,1,31,295,2.6,0,183,63,Arts,S2
701,383,C201,79,Pass,Male,31,5,3,35,40,-3.7,50,130,84,Arts,S1
702,161,C201,6,Withdrawn,Male,20,4,2,13,153,3.8,27,6,71,STEM,S2
703,214,C401,27,Withdrawn,Female,43,0,1,13,98,-4.1,16,44,47,Arts,S2
704,45,C201,0,Withdrawn,Female,27,5,3,87,83,-1.2,34,10,67,STEM,S1
705,483,C101,37,Withdrawn,Male,38,1,1,66,204,-4.6,45,187,65,STEM,S3
706,29,C401,14,Withdrawn,Male,20,5,3,90,131,-0.2,49,14,52,STEM,S1
707,285,C101,13,Withdrawn,Male,41,0,3,14,158,2.6,44,200,86,Business,S3
708,28,C201,95,Pass,Female,32,3,2,16,99,4.0,19,149,59,Arts,S1
709,194,C401,67,Pass,Male,19,5,4,87,189,-3.0,37,64,58,Arts,S3
710,478,C301,37,Withdrawn,Male,19,4,5,78,112,3.4,30,172,79,STEM,S3
711,203,C101,82,Pass,Female,42,3,4,87,204,4.6,29,124,48,STEM,S3
712,281,C201,74,Pass,Male,38,3,5,10,152,-0.9,11,83,61,Arts,S3
713,313,C401,39,Withdrawn,Male,21,5,3,90,281,5.0,26,36,85,Arts,S3
714,174,C401,99,Pass,Male,38,1,4,42,128,-1.6,2,138,61,Arts,S3
715,140,C301,29,Withdrawn,Male,27,2,2,78,296,-1.6,15,38,41,STEM,S3
716,430,C201,100,Pass,Female,36,3,2,33,217,-3.2,43,106,71,Business,S3
717,495,C301,49,Fail,Male,43,5,3,71,214,-1.0,19,167,48,Arts,S3
718,216,C101,87,Pass,Male,39,0,1,49,64,-4.7,15,125,66,STEM,S3
719,200,C401,55,Fail,Male,24,4,1,68,183,-0.1,30,13,76,Arts,S2
720,228,C301,97,Pass,Female,31,5,5,84,158,-0.1,49,141,66,STEM,S1
721,272,C201,96,Pass,Female,19,4,3,65,239,-2.4,18,198,91,Arts,S1
722,359,C201,87,Pass,Female,40,5,1,69,125,-0.5,1,164,79,Arts,S3
723,95,C401,2,Withdrawn,Female,31,1,4,87,142,1.4,19,90,92,Arts,S2
724,144,C201,72,Pass,Male,30,1,3,50,48,2.9,21,63,45,Business,S2
725,42,C101,1,Withdrawn,Male,21,1,5,10,275,1.1,16,124,61,Arts,S2
726,226,C101,64,Pass,Male,35,5,4,72,243,2.3,21,167,95,Business,S3
727,1,C401,25,Withdrawn,Female,22,4,4,36,240,-3.0,32,4,91,Business,S3
728,248,C301,78,Pass,Male,20,0,4,66,276,-0.6,41,160,78,Arts,S1
729,199,C101,23,Withdrawn,Female,28,3,3,12,108,3.4,48,73,74,Business,S2
730,179,C101,14,Withdrawn,Male,44,3,5,32,245,2.4,25,14,80,Arts,S3
731,17,C201,16,Withdrawn,Female,37,0,4,47,291,-1.0,30,56,53,Business,S3
732,375,C201,33,Withdrawn,Male,29,2,4,29,135,-2.7,1,56,67,Arts,S2
733,391,C101,93,Pass,Male,21,5,1,89,227,2.4,21,52,54,Business,S3
734,142,C101,56,Fail,Male,42,1,5,54,230,1.6,40,97,55,STEM,S1
735,44,C401,31,Withdrawn,Female,28,5,2,18,232,-3.2,5,151,46,Arts,S2
736,108,C301,32,Withdrawn,Female,19,5,1,28,249,4.6,11,34,84,Arts,S3
737,81,C301,68,Pass,Male,39,2,4,33,89,-1.0,6,58,53,Business,S3
738,340,C301,53,Fail,Male,24,1,2,17,196,-2.1,15,8,42,Business,S1
739,231,C401,15,Withdrawn,Male,41,3,2,68,251,4.3,38,80,45,Arts,S3
740,463,C401,55,Fail,Female,36,4,5,56,235,-0.5,32,63,82,Business,S1
741,343,C101,44,Fail,Female,32,3,3,50,44,-4.6,8,150,70,Business,S1
742,475,C301,23,Withdrawn,Female,25,2,5,60,286,-2.3,30,64,72,Arts,S2
743,5,C401,88,Pass,Female,41,3,5,43,66,1.7,21,104,54,STEM,S1
744,389,C401,9,Withdrawn,Female,22,3,2,75,260,-3.1,41,162,65,Business,S3
745,471,C201,88,Pass,Male,21,0,4,60,114,2.7,47,51,43,STEM,S2
746,465,C401,7,Withdrawn,Female,43,2,4,38,105,3.2,15,39,80,STEM,S2
747,366,C101,79,Pass,Male,33,1,5,44,63,2.7,45,90,52,STEM,S3
748,177,C201,91,Pass,Male,25,5,5,17,291,3.4,42,111,75,STEM,S3
749,443,C301,60,Pass,Male,35,3,5,85,267,-0.0,50,69,63,STEM,S3
750,477,C401,34,Withdrawn,Female,30,0,1,75,219,-3.0,11,164,59,STEM,S1
751,435,C101,78,Pass,Female,22,3,4,34,235,4.7,39,111,85,Arts,S2
752,487,C301,64,Pass,Male,30,5,3,44,31,-2.6,27,108,48,Arts,S3
753,446,C201,48,Fail,Male,39,1,4,65,36,2.0,42,172,61,Business,S1
754,119,C101,58,Fail,Male,20,1,4,62,245,3.3,15,131,63,Business,S1
755,154,C201,83,Pass,Male,38,1,3,53,108,3.4,28,25,60,Arts,S3
756,35,C401,60,Pass,Male,44,2,5,49,220,-0.7,38,48,54,Arts,S2
757,270,C101,32,Withdrawn,Male,30,1,3,17,173,2.0,19,129,68,Arts,S1
758,442,C401,23,Withdrawn,Female,21,2,2,79,74,1.8,44,131,85,Arts,S2
759,121,C101,74,Pass,Male,41,2,2,83,112,-0.0,4,147,94,STEM,S1
760,69,C201,82,Pass,Female,26,4,2,51,80,-1.1,36,68,54,STEM,S2
761,180,C201,98,Pass,Female,31,1,3,72,77,-3.2,39,117,79,STEM,S1
762,357,C401,16,Withdrawn,Male,26,1,3,14,142,-2.5,1,74,43,Arts,S1
763,205,C301,56,Fail,Female,38,3,5,11,216,0.7,48,188,42,Arts,S3
764,87,C401,65,Pass,Male,35,4,4,60,99,3.5,15,63,53,STEM,S3
765,425,C401,9,Withdrawn,Male,25,0,3,42,144,-1.5,2,184,57,STEM,S1
766,174,C201,57,Fail,Male,44,1,3,88,103,-4.3,6,135,89,STEM,S1
767,128,C401,93,Pass,Male,26,4,4,88,282,-3.6,47,15,83,Arts,S2
768,112,C301,18,Withdrawn,Female,36,2,3,69,226,-3.2,6,11,74,Business,S2
769,474,C301,65,Pass,Female,18,1,3,90,229,3.3,12,49,56,STEM,S3
770,212,C401,72,Pass,Female,43,1,4,64,264,3.4,12,64,87,Business,S3
771,220,C101,62,Pass,Female,20,3,3,61,290,-2.0,48,90,78,STEM,S2
772,465,C401,24,Withdrawn,Female,35,4,2,71,61,2.5,15,98,67,Business,S1
773,480,C101,35,Withdrawn,Female,30,3,3,21,87,-4.1,43,186,73,STEM,S1
774,208,C201,5,Withdrawn,Female,34,5,2,45,167,4.1,0,190,88,Arts,S2
775,309,C401,83,Pass,Female,27,4,2,61,107,-0.9,43,47,86,Business,S2
776,75,C201,31,Withdrawn,Female,39,2,1,80,193,-4.3,44,97,53,STEM,S2
777,167,C401,79,Pass,Male,25,2,4,83,125,-4.2,16,184,95,Arts,S2
778,438,C401,28,Withdrawn,Male,24,0,4,68,95,-4.0,27,35,77,Arts,S2
779,492,C201,92,Pass,Male,40,2,1,49,221,4.9,31,53,47,STEM,S2
780,399,C301,7,Withdrawn,Male,22,2,2,29,130,-3.4,40,193,71,Business,S2
781,458,C301,86,Pass,Female,37,5,4,87,80,1.1,37,56,66,Arts,S2
782,97,C101,58,Fail,Male,33,4,1,39,155,2.5,26,78,49,Business,S1
783,234,C101,32,Withdrawn,Female,26,4,4,63,76,-2.9,23,156,84,Arts,S1
784,467,C101,75,Pass,Female,19,0,2,24,65,4.5,29,55,73,STEM,S2
785,67,C401,92,Pass,Female,27,3,1,81,245,-0.1,8,7,77,STEM,S1
786,491,C101,88,Pass,Female,21,0,5,74,252,-0.3,15,91,86,Arts,S2
787,357,C201,61,Pass,Male,36,0,5,66,229,-2.8,19,85,78,Business,S2
788,486,C201,0,Withdrawn,Female,43,2,5,62,139,4.8,42,168,73,STEM,S1
789,263,C301,64,Pass,Male,28,5,1,70,63,-3.1,43,193,71,STEM,S2
790,424,C201,25,Withdrawn,Female,38,2,1,63,275,-3.3,14,155,71,STEM,S1
791,146,C201,67,Pass,Female,25,2,5,50,220,2.6,27,195,75,STEM,S3
792,393,C101,64,Pass,Female,45,3,4,52,242,-3.4,23,99,59,STEM,S2
793,393,C201,15,Withdrawn,Female,25,2,1,14,156,-2.4,6,23,46,Business,S2
794,147,C101,12,Withdrawn,Male,35,0,3,46,166,-0.9,37,160,64,Arts,S1
795,167,C401,81,Pass,Male,27,5,5,33,239,3.3,12,98,49,STEM,S3
796,258,C101,10,Withdrawn,Female,38,3,2,46,49,3.1,23,38,47,STEM,S1
797,20,C201,70,Pass,Female,24,3,3,74,173,0.9,3,162,42,Business,S1
798,96,C101,51,Fail,Male,35,1,2,78,133,3.3,21,9,69,Business,S2
799,131,C401,25,Withdrawn,Female,27,2,3,16,256,1.9,46,11,52,STEM,S2
800,341,C201,69,Pass,Female,28,1,3,64,131,-4.5,43,12,62,Business,S1
801,77,C401,71,Pass,Female,24,5,4,82,173,-1.2,18,104,57,Business,S2
802,281,C101,43,Fail,Female,19,4,4,36,152,-4.0,22,165,47,Arts,S1
803,370,C201,91,Pass,Female,19,0,2,18,285,-2.6,49,157,42,STEM,S3
804,289,C201,96,Pass,Male,40,2,4,28,45,4.3,30,145,62,Business,S1
805,498,C201,14,Withdrawn,Male,28,5,2,79,278,4.3,45,10,71,STEM,S1
806,3,C301,25,Withdrawn,Female,33,5,5,28,272,3.0,1,196,92,Arts,S1
807,323,C201,99,Pass,Male,24,2,4,24,53,2.5,22,121,90,Business,S2
808,301,C101,100,Pass,Male,30,0,1,24,146,1.5,39,31,61,STEM,S3
809,115,C301,43,Fail,Male,35,5,4,84,37,-3.6,49,55,69,Arts,S2
810,5,C101,51,Fail,Male,18,0,1,31,69,-0.6,4,180,46,Arts,S2
811,415,C201,33,Withdrawn,Female,34,4,1,78,105,4.4,33,54,77,Arts,S2
812,174,C401,28,Withdrawn,Male,31,5,2,12,201,-2.6,28,12,78,STEM,S2
813,280,C101,24,Withdrawn,Female,34,3,3,19,212,-4.3,39,73,51,Business,S1
814,190,C301,87,Pass,Male,30,5,1,89,231,4.2,30,66,50,Arts,S3
815,125,C201,81,Pass,Male,31,1,5,23,118,-2.1,37,44,81,Business,S3
816,333,C401,87,Pass,Female,29,0,3,76,194,-0.1,15,11,43,Arts,S1
817,117,C201,14,Withdrawn,Male,39,4,5,90,213,4.1,42,1,76,Business,S2
818,199,C201,20,Withdrawn,Male,32,0,4,23,229,-3.2,12,174,63,STEM,S1
819,119,C401,67,Pass,Female,42,3,1,16,243,-1.2,0,22,55,Arts,S1
820,270,C401,64,Pass,Male,37,1,2,10,60,-0.5,37,73,43,STEM,S1
821,129,C401,27,Withdrawn,Female,37,0,1,80,159,-3.0,44,192,49,STEM,S2
822,400,C401,41,Fail,Female,19,5,2,54,227,-4.3,31,74,83,STEM,S3
823,196,C301,85,Pass,Male,39,3,2,75,222,4.1,40,4,92,Arts,S2
824,289,C101,17,Withdrawn,Male,28,4,3,19,274,-1.8,13,132,56,Arts,S2
825,54,C101,67,Pass,Male,23,0,2,23,117,-3.4,24,161,83,STEM,S2
826,17,C101,48,Fail,Male,28,5,1,12,45,2.8,23,190,91,Arts,S1
827,491,C201,27,Withdrawn,Female,41,5,1,59,160,3.1,35,36,53,Arts,S1
828,172,C301,39,Withdrawn,Female,43,0,2,37,41,1.8,43,4,69,Arts,S1
829,80,C201,15,Withdrawn,Male,31,4,2,44,57,3.8,42,186,71,Arts,S2
830,99,C401,11,Withdrawn,Male,31,1,5,22,107,-0.1,6,57,63,STEM,S2
831,285,C401,30,Withdrawn,Female,45,4,5,20,136,-2.5,7,45,51,STEM,S1
832,112,C101,24,Withdrawn,Male,22,5,1,22,144,1.9,4,36,76,STEM,S1
833,208,C201,91,Pass,Female,33,5,5,48,121,-3.6,8,138,84,Business,S1
834,253,C101,85,Pass,Male,24,5,2,72,204,3.3,35,60,64,Arts,S2
835,56,C401,99,Pass,Female,42,4,1,38,187,4.2,16,80,78,STEM,S2
836,286,C301,75,Pass,Female,37,3,3,36,127,4.1,36,194,90,Arts,S1
837,241,C101,65,Pass,Male,38,2,1,34,145,0.5,13,121,51,STEM,S1
838,371,C101,25,Withdrawn,Female,22,0,1,11,291,2.6,11,112,94,Business,S3
839,362,C201,67,Pass,Female,28,0,4,57,97,0.1,38,1,95,Arts,S2
840,111,C301,20,Withdrawn,Male,43,4,2,74,149,-2.2,12,104,87,Arts,S1
841,36,C101,38,Withdrawn,Female,27,4,4,25,79,2.9,20,29,41,Business,S3
842,288,C101,3,Withdrawn,Male,39,2,3,57,294,0.4,49,166,40,Arts,S2
843,124,C301,72,Pass,Male,31,1,3,24,119,3.2,47,74,93,Arts,S2
844,393,C401,95,Pass,Female,20,4,5,36,133,-3.1,49,75,44,STEM,S3
845,64,C101,9,Withdrawn,Male,36,5,1,65,281,1.3,12,41,46,Arts,S3
846,485,C401,32,Withdrawn,Female,37,4,1,22,159,-2.1,25,118,62,STEM,S2
847,208,C401,37,Withdrawn,Female,31,1,3,40,219,-3.4,46,101,89,Business,S1
848,236,C201,37,Withdrawn,Female,18,5,1,54,114,-0.8,2,18,43,STEM,S3
849,111,C101,87,Pass,Male,21,3,1,34,111,-3.0,8,162,72,Business,S2
850,321,C401,88,Pass,Female,29,5,3,54,263,-0.9,6,104,71,Arts,S1
851,456,C401,62,Pass,Female,37,2,4,55,62,-3.6,1,67,95,STEM,S2
852,438,C301,9,Withdrawn,Male,22,5,1,15,143,-4.4,22,120,65,Arts,S1
853,424,C401,90,Pass,Female,40,1,1,58,142,-4.2,11,167,53,STEM,S3
854,493,C101,37,Withdrawn,Male,37,0,5,37,197,0.9,39,167,72,STEM,S2
855,467,C301,0,Withdrawn,Male,34,2,4,19,118,2.2,44,13,45,Arts,S3
856,351,C401,46,Fail,Female,43,3,1,20,55,2.6,43,39,81,STEM,S1
857,112,C401,99,Pass,Female,30,0,3,14,156,0.6,43,63,44,STEM,S3
858,477,C301,45,Fail,Male,26,1,1,55,77,-3.7,39,143,83,STEM,S1
859,151,C301,63,Pass,Male,35,1,3,37,45,1.1,15,82,60,Business,S1
860,359,C101,37,Withdrawn,Female,26,1,1,75,221,3.0,1,4,80,Arts,S1
861,23,C201,43,Fail,Male,45,2,4,57,264,-0.7,27,120,46,STEM,S3
862,192,C401,51,Fail,Female,43,2,5,23,288,-1.7,34,10,89,Arts,S2
863,448,C101,93,Pass,Male,32,1,1,61,165,2.6,36,54,80,STEM,S1
864,73,C101,41,Fail,Male,30,4,2,84,230,-4.7,13,69,68,Business,S3
865,376,C301,10,Withdrawn,Male,41,5,4,62,157,1.4,16,137,93,Business,S1
866,91,C401,65,Pass,Male,25,4,5,77,122,2.0,27,47,81,STEM,S3
867,477,C101,92,Pass,Male,45,3,3,11,61,0.1,10,20,77,STEM,S1
868,366,C201,17,Withdrawn,Male,40,2,5,20,244,0.4,43,146,94,Arts,S1
869,160,C401,56,Fail,Male,38,0,5,43,79,3.2,39,91,53,STEM,S1
870,213,C201,27,Withdrawn,Female,35,0,4,29,199,4.1,23,110,66,Business,S3
871,132,C401,56,Fail,Female,26,2,3,25,165,-1.2,31,119,57,STEM,S3
872,8,C201,13,Withdrawn,Female,18,4,1,73,57,-3.3,46,3,69,Business,S2
873,27,C301,98,Pass,Female,37,1,3,67,123,4.8,22,80,92,Arts,S2
874,222,C101,58,Fail,Male,36,3,4,11,88,4.0,21,172,81,STEM,S1
875,245,C301,49,Fail,Female,21,0,5,86,138,2.4,30,56,92,STEM,S2
876,50,C401,37,Withdrawn,Male,41,0,4,39,178,-4.3,17,10,61,STEM,S1
877,311,C101,88,Pass,Female,33,3,3,46,187,4.4,32,170,65,Arts,S2
878,234,C201,18,Withdrawn,Female,42,0,5,83,125,4.6,25,63,88,Arts,S2
879,148,C301,9,Withdrawn,Female,28,1,5,64,216,-0.3,49,142,49,Arts,S2
880,467,C101,96,Pass,Female,31,1,4,44,108,-1.5,33,111,45,Arts,S1
881,78,C401,76,Pass,Female,39,5,5,28,236,-0.5,12,165,58,STEM,S3
882,252,C401,93,Pass,Female,40,1,5,52,194,-3.0,17,4,83,Business,S1
883,78,C301,77,Pass,Female,41,5,2,47,63,-4.3,49,184,64,Business,S3
884,73,C401,70,Pass,Female,28,5,3,68,281,-4.0,2,75,48,Business,S3
885,377,C101,56,Fail,Male,44,0,4,69,87,-1.4,10,64,54,Arts,S1
886,140,C201,81,Pass,Female,37,5,1,11,74,-2.0,18,187,93,Arts,S1
887,49,C401,60,Pass,Male,44,2,3,35,265,0.9,13,26,53,Arts,S2
888,197,C101,65,Pass,Male,45,1,5,46,251,-1.5,48,24,73,Business,S1
889,468,C401,6,Withdrawn,Male,24,5,1,24,64,-0.5,36,180,72,STEM,S1
890,393,C401,68,Pass,Male,43,5,4,53,267,-1.1,34,98,82,Arts,S2
891,230,C401,61,Pass,Male,45,5,4,24,252,3.2,17,95,63,Arts,S3
892,440,C201,62,Pass,Female,19,0,2,24,199,-2.6,46,54,66,Arts,S3
893,219,C401,83,Pass,Male,21,0,3,39,111,-4.8,25,25,91,STEM,S2
894,176,C301,0,Withdrawn,Male,30,3,2,14,212,4.8,19,106,90,STEM,S3
895,347,C401,20,Withdrawn,Male,36,4,5,88,58,-3.5,44,191,86,Business,S1
896,327,C401,20,Withdrawn,Male,26,0,5,75,54,3.2,30,112,56,Arts,S2
897,371,C301,0,Withdrawn,Male,28,1,2,76,61,2.9,32,178,75,Arts,S3
898,66,C201,43,Fail,Male,41,2,2,43,149,-4.2,28,150,42,Arts,S2
899,21,C101,12,Withdrawn,Female,39,4,4,89,151,-0.2,17,0,71,Arts,S3
900,175,C101,7,Withdrawn,Female,45,3,1,80,108,3.2,50,73,80,Business,S2
901,390,C101,38,Withdrawn,Female,41,1,2,53,111,0.8,5,32,64,Arts,S2
902,283,C201,74,Pass,Female,25,4,1,90,79,0.0,23,86,94,Arts,S2
903,371,C101,56,Fail,Female,21,4,4,42,78,2.4,35,131,49,Business,S1
904,2,C401,54,Fail,Male,19,5,5,73,242,1.5,10,74,88,Arts,S3
905,161,C301,25,Withdrawn,Female,43,3,2,15,58,-2.6,46,88,73,Business,S2
906,494,C101,64,Pass,Female,22,0,4,21,259,1.9,49,71,40,STEM,S2
907,389,C201,14,Withdrawn,Female,33,2,5,69,170,4.4,6,134,95,Business,S2
908,423,C301,61,Pass,Female,37,3,5,72,189,3.4,11,77,48,Business,S3
909,435,C301,56,Fail,Female,20,3,5,86,266,0.0,40,159,93,Arts,S3
910,230,C401,66,Pass,Female,27,3,2,84,209,2.9,34,62,65,Business,S3
911,355,C101,55,Fail,Male,28,4,3,75,115,0.4,49,20,65,Arts,S2
912,17,C301,28,Withdrawn,Female,23,1,1,39,50,-2.6,47,118,54,STEM,S1
913,326,C201,51,Fail,Male,28,0,3,53,246,-0.5,24,43,51,STEM,S1
914,213,C401,15,Withdrawn,Male,43,3,1,43,120,-2.2,4,25,46,Business,S1
915,21,C101,5,Withdrawn,Male,24,4,4,87,165,-1.2,45,14,46,STEM,S2
916,372,C301,95,Pass,Male,24,2,2,31,31,1.3,30,128,80,Business,S2
917,203,C401,50,Fail,Male,40,1,4,38,254,0.7,38,199,70,STEM,S3
918,331,C301,97,Pass,Female,20,3,5,20,228,1.3,18,137,44,Arts,S2
919,431,C301,90,Pass,Female,34,1,4,23,30,-0.2,30,173,80,STEM,S1
920,178,C401,15,Withdrawn,Male,27,1,5,57,272,-3.1,18,145,64,STEM,S3
921,388,C401,93,Pass,Male,26,5,5,84,47,-0.2,45,197,85,Business,S2
922,76,C201,16,Withdrawn,Male,37,2,1,48,30,-1.7,3,177,55,STEM,S3
923,85,C201,62,Pass,Male,26,1,1,69,265,-0.0,0,18,45,STEM,S2
924,430,C201,99,Pass,Female,39,5,4,46,195,4.2,16,176,93,Business,S3
925,280,C301,80,Pass,Female,29,0,2,17,116,0.6,12,115,45,Business,S1
926,254,C101,86,Pass,Male,39,4,3,55,121,2.9,7,84,94,STEM,S1
927,432,C301,10,Withdrawn,Female,34,1,3,72,218,-1.5,12,51,41,Arts,S3
928,398,C201,97,Pass,Female,26,5,5,22,175,1.3,50,118,94,STEM,S2
929,268,C401,61,Pass,Male,24,4,2,47,103,1.1,43,115,61,Business,S2
930,336,C201,67,Pass,Female,45,3,2,12,122,2.4,12,79,64,STEM,S2
931,435,C101,38,Withdrawn,Female,19,4,4,56,132,-3.1,38,102,70,Arts,S3
932,59,C201,39,Withdrawn,Male,28,4,2,31,107,0.1,6,54,44,Business,S1
933,234,C101,0,Withdrawn,Female,33,4,3,16,254,-4.8,13,46,77,STEM,S1
934,211,C101,15,Withdrawn,Male,41,2,1,83,88,1.6,10,180,45,Arts,S1
935,50,C101,4,Withdrawn,Male,29,3,2,81,195,-0.3,10,46,54,Business,S3
936,224,C301,70,Pass,Male,43,1,2,32,242,-1.6,33,84,47,Arts,S2
937,109,C101,8,Withdrawn,Male,41,1,1,62,43,-3.2,24,111,89,STEM,S3
938,209,C101,51,Fail,Male,34,2,5,54,254,-4.5,6,50,59,STEM,S2
939,358,C201,22,Withdrawn,Female,30,1,3,74,117,-1.2,9,155,47,Business,S2
940,230,C301,56,Fail,Female,33,0,5,82,37,1.8,24,49,87,Arts,S1
941,181,C101,72,Pass,Male,42,3,3,71,37,1.3,47,44,75,Arts,S1
942,11,C401,9,Withdrawn,Male,30,5,4,85,97,-3.0,11,5,52,Arts,S3
943,72,C201,67,Pass,Female,43,4,3,88,250,-3.6,46,62,52,Arts,S1
944,84,C301,21,Withdrawn,Male,41,5,3,48,225,3.4,29,28,77,Business,S1
945,443,C201,76,Pass,Female,34,5,4,56,137,4.4,38,72,77,Business,S1
946,191,C101,70,Pass,Female,25,3,4,89,153,3.8,17,96,88,STEM,S2
947,70,C101,8,Withdrawn,Female,42,4,1,77,112,-1.2,48,200,62,STEM,S2
948,8,C401,69,Pass,Male,22,2,3,58,179,-2.8,12,88,56,Arts,S1
949,371,C201,40,Fail,Male,33,5,5,54,283,3.4,8,166,82,Business,S3
950,423,C201,41,Fail,Female,35,5,4,82,70,3.9,8,71,89,Business,S2
951,352,C101,98,Pass,Male,30,1,2,72,114,0.8,22,82,76,STEM,S3
952,471,C101,77,Pass,Female,39,2,2,41,49,-1.1,15,163,81,STEM,S3
953,430,C301,87,Pass,Male,21,0,5,46,40,-2.4,18,126,52,STEM,S1
954,176,C101,84,Pass,Female,39,4,3,10,212,-0.9,1,56,80,Business,S2
955,484,C201,87,Pass,Female,25,3,1,21,190,3.7,49,196,87,Business,S1
956,112,C201,11,Withdrawn,Female,37,4,4,13,270,-3.5,22,36,67,Business,S1
957,91,C301,56,Fail,Female,35,0,3,55,264,4.8,32,159,73,Business,S3
958,77,C101,20,Withdrawn,Male,40,4,5,53,225,-4.3,7,19,46,Arts,S1
959,401,C401,14,Withdrawn,Female,25,1,5,40,297,1.4,13,114,53,STEM,S2
960,309,C401,22,Withdrawn,Female,23,2,1,83,198,-1.6,50,101,66,STEM,S2
961,458,C201,100,Pass,Male,40,2,2,54,259,0.5,40,127,46,Business,S3
962,115,C201,13,Withdrawn,Female,31,1,4,44,126,-3.8,23,43,80,Arts,S1
963,481,C301,93,Pass,Female,18,2,3,60,183,2.8,41,92,60,Arts,S3
964,297,C101,21,Withdrawn,Female,30,5,5,42,292,0.1,20,105,88,STEM,S3
965,55,C201,17,Withdrawn,Male,29,4,3,37,249,1.4,34,169,86,Business,S1
966,107,C201,41,Fail,Female,31,2,4,56,229,0.5,4,34,83,STEM,S3
967,362,C401,33,Withdrawn,Male,19,3,2,41,292,-3.9,50,84,72,Business,S1
968,228,C101,63,Pass,Male,34,0,5,69,184,-5.0,6,138,66,Business,S1
969,193,C101,87,Pass,Female,28,3,4,22,259,2.8,35,68,83,STEM,S2
970,90,C301,7,Withdrawn,Female,29,3,3,75,110,-4.4,5,106,93,Business,S2
971,202,C401,97,Pass,Male,33,4,4,33,160,-0.8,25,159,53,Arts,S3
972,72,C301,91,Pass,Female,29,4,1,85,271,0.8,4,135,49,Business,S2
973,484,C401,2,Withdrawn,Male,29,1,4,89,124,1.2,50,148,64,Arts,S3
974,252,C101,1,Withdrawn,Female,38,2,1,35,283,-0.2,16,198,62,Arts,S1
975,337,C401,35,Withdrawn,Female,35,3,4,52,203,0.1,42,193,89,Business,S3
976,287,C101,82,Pass,Female,43,1,5,65,221,1.7,33,6,52,Arts,S1
977,230,C201,68,Pass,Female,34,4,3,11,185,4.7,41,56,71,Business,S1
978,226,C101,71,Pass,Female,26,3,2,19,207,2.2,41,44,94,Business,S3
979,426,C201,25,Withdrawn,Female,32,0,1,27,38,3.2,20,114,67,Business,S1
980,328,C101,18,Withdrawn,Male,33,3,1,75,131,-0.9,11,118,60,Business,S3
981,169,C401,77,Pass,Female,23,0,2,33,298,-3.3,14,94,88,Business,S1
982,436,C401,55,Fail,Male,21,3,2,68,206,-2.5,3,75,53,STEM,S1
983,494,C201,31,Withdrawn,Male,36,3,3,66,233,0.4,38,106,41,Business,S1
984,20,C401,78,Pass,Male,20,1,2,75,100,1.9,27,52,53,Arts,S3
985,133,C301,45,Fail,Female,25,0,2,71,156,-0.3,37,64,56,Arts,S1
986,134,C201,95,Pass,Female,44,0,3,54,234,-2.5,44,114,84,Business,S3
987,440,C401,15,Withdrawn,Male,21,0,2,53,148,-1.0,25,43,83,STEM,S3
988,464,C101,67,Pass,Male,21,0,5,24,56,2.2,22,186,68,STEM,S2
989,231,C301,61,Pass,Male,18,2,1,62,102,4.4,27,61,68,STEM,S1
990,305,C401,44,Fail,Male,43,3,1,56,63,-4.2,22,141,70,Arts,S3
991,364,C201,0,Withdrawn,Male,37,5,1,24,146,-3.1,30,175,69,STEM,S1
992,425,C301,56,Fail,Male,26,1,3,86,84,0.6,33,74,83,Arts,S2
993,24,C101,42,Fail,Male,25,5,2,70,212,-1.4,31,79,67,Arts,S1
994,347,C201,28,Withdrawn,Male,31,4,2,75,137,4.6,31,42,41,Arts,S3
995,427,C101,3,Withdrawn,Male,39,5,3,37,154,-0.0,34,29,57,STEM,S1
996,403,C101,82,Pass,Male,43,0,1,52,44,1.2,23,9,40,Arts,S3
997,197,C401,33,Withdrawn,Male,44,0,1,62,60,0.5,44,147,64,STEM,S2
998,441,C101,41,Fail,Female,37,2,3,44,211,-2.0,28,153,93,Arts,S2
999,240,C101,67,Pass,Female,33,0,3,11,35,4.9,50,141,85,Business,S1
1000,231,C401,91,Pass,Male,45,2,2,19,180,-1.6,35,47,91,STEM,S2
